GENE,EXPRESSION
YHR051W,-0.034
YHR124W,-0.090
YKL181W,-0.167
YGR072W,0.245
YHL020C,0.174
YGR145W,0.387
YGL041C,0.285
YGR218W,-0.018
YOR202W,-0.432
YCR005C,0.085
YER187W,0.159
YBR026C,0.276
YMR244W,0.078
YMR317W,-0.181
YAR047C,-0.234
YIR031C,0.289
YDL177C,-0.002
YLR338W,-0.216
YGR073C,-0.125
YGR146C,-0.189
YOR130C,-0.025
YLR193C,0.124
YMR318C,0.068
YLR266C,-0.058
YGL114W,-0.009
YLR339C,-0.239
YFL062W,-0.192
YJR010W,-0.253
YHR052W,0.101
YKL182W,-0.140
YHR125W,-0.513
YHL021C,-0.130
YGR219W,-0.070
YGL042C,-0.075
YOR203W,-0.492
YCR006C,-0.067
YER188W,-0.322
YMR172W,0.162
YNL120C,-0.053
YBR027C,-0.210
YMR245W,0.095
YJR011C,-0.112
YIR032C,0.181
YHR053C,-0.656
YHR126C,-0.238
YPR110C,-0.120
YGR147C,0.158
YOR131C,-0.037
YAL016W,0.053
YLR194C,0.046
YMR319C,-0.182
YGL115W,-0.111
YFL063W,0.128
YDL178W,-0.131
YKL183W,-0.116
YGR074W,-0.074
YHL022C,-0.402
YDR493W,0.062
YOR204W,-0.033
YCR007C,-0.019
YFL064C,0.032
YER189W,0.211
YNL121C,0.162
YBR028C,0.004
YMR173W,-0.873
YMR246W,-0.001
YJR012C,0.124
YLR267W,0.199
YHR054C,-0.071
YGR075C,-0.075
YGR148C,-0.202
YOR205C,0.069
YAL017W,-0.122
YIL001W,-0.044
YMR174C,-0.070
YLR195C,-0.003
YGL043W,0.156
YGL116W,0.006
YOL100W,-0.119
YLR287C-A,-0.289
YDL179W,0.189
YIR033W,0.079
YAL018C,-0.227
YIL002C,-0.013
YHR127W,0.159
YKL184W,-0.030
YHL023C,0.127
YPR111W,0.148
YDR494W,0.193
YGL044C,0.162
YOR132W,0.079
YFL065C,0.003
YOL101C,-0.081
YBR029C,-0.032
YNL122C,-0.074
YIR034C,-0.085
YLR268W,-0.123
YHR055C,-0.867
YPR112C,0.227
YGR076C,0.145
YOR060C,-0.022
YDR495C,-0.011
YLR269C,0.015
YGL117W,-0.356
YCR008W,0.151
YJR013W,-0.048
YML070W,-0.053
YHR128W,-0.091
YKL185W,-0.076
YBR240C,0.009
YGR149W,-0.610
YOR133W,-0.260
YOR206W,0.145
YGL118C,0.069
YFL066C,0.042
YOL102C,-0.017
YCR009C,-0.145
YNL050C,0.301
YMR175W,0.018
YLR196W,0.130
YIR035C,-0.464
YHR056C,-0.112
YKL186C,0.157
YHR129C,-0.270
YGR077C,-0.064
YDR496C,0.208
YOR207C,-0.044
YAL019W,0.070
YIL003W,-0.071
YHL024W,0.154
YGL045W,-0.279
YNL123W,-0.049
YJR014W,0.070
YIL004C,-0.093
YPR040W,0.210
YBR241C,-0.056
YPR113W,-0.495
YOR061W,0.080
YOR134W,-0.363
YML072C,-0.034
YLR197W,0.020
YIR036C,0.047
YHR057C,0.166
YKL187C,0.999
YGR078C,-0.004
YOR062C,0.168
YOR135C,-0.092
YDR497C,-0.117
YHL025W,-0.001
YLR198C,0.104
YGL046W,-0.123
YGL119W,-0.072
YOL030W,-0.070
YFL067W,0.053
YOL103W,-0.075
YNL124W,0.161
YJR015W,-0.149
YDR200C,0.006
YPR041W,-0.059
YHL026C,-0.016
YPR114W,-0.137
YOR208W,-0.274
YOL031C,-0.414
YOL104C,-0.258
YNL125C,0.496
YMR177W,-0.154
YJR016C,-0.083
YML073C,-0.408
YHR058C,0.122
YKL188C,0.245
YDR498C,0.075
YOR209C,-0.160
YIL005W,0.077
YBR242W,0.021
YLR199C,0.078
YPL010W,-0.226
YGL047W,-0.158
YFL068W,0.026
YNL052W,0.103
YIR037W,-0.158
YBR170C,0.128
YGR079W,0.153
YPR115W,-0.047
YBR243C,-0.000
YPL011C,0.072
YOR063W,-0.406
YGL048C,0.153
YOR136W,-0.064
YOL105C,-0.032
YMR178W,-0.077
YML074C,0.118
YJR017C,-0.070
YIR038C,-0.181
YOR064C,0.243
YOR137C,-0.253
YDR201W,0.133
YIL006W,-0.077
YHL027W,-0.001
YOL032W,0.100
YNL053W,0.021
YNL126W,0.207
YGR290W,-0.044
YDR202C,0.118
YIL007C,0.057
YHR059W,0.043
YMR251W-A,-0.054
YKL189W,0.033
YPR043W,-0.292
YPR116W,-0.092
YDR499W,0.277
YGL049C,0.075
YMR179W,0.003
YML075C,-0.026
YGR291C,-0.345
YIR039C,-0.217
YOR138C,0.097
YBR171W,0.104
YBR244W,-0.050
YHL028W,-0.989
YPL012W,0.142
YOL033W,-0.024
YOL106W,-0.261
YNL054W,0.103
YNL127W,0.212
YJR018W,-0.127
YDR130C,0.099
YBR172C,0.169
YBR245C,0.233
YHL029C,0.126
YPR117W,0.119
YPL013C,0.196
YOR065W,0.193
YNL055C,0.004
YJR019C,0.508
YML076C,0.034
YPR045C,0.178
YOR139C,-0.002
YGL260W,-0.193
YIL008W,-0.167
YOL034W,0.526
YOL107W,-0.162
YER110C,0.050
YNL128W,-0.092
YGR292W,0.077
YDR131C,-0.025
YGL261C,-0.041
YBR173C,-0.014
YPR118W,-0.164
YOR066W,-0.271
YOL035C,-0.048
YOL108C,-0.027
YGR293C,-0.189
YOR350C,0.086
YOR067C,-0.296
YDR204W,0.073
YDL100C,-0.097
YIL009W,0.114
YBR246W,-0.115
YPL014W,-0.720
YNL056W,-0.147
YER111C,0.195
YNL129W,-0.010
YML077W,-0.086
YDR132C,0.043
YJR010C-A,-0.139
YPR046W,-0.068
YBR174C,-0.100
YBR247C,0.298
YPR119W,-0.234
YPL015C,-0.290
YER093C-A,0.085
YOR351C,0.480
YOR068C,0.083
YDR205W,0.051
YGL262W,-0.261
YDL101C,0.262
YBL070C,-0.108
YJL200C,0.195
YOL036W,0.015
YOL109W,0.260
YNL057W,-0.523
YML078W,-0.148
YGR294W,-0.169
YDR133C,0.064
YGL190C,-0.007
YPR047W,-0.182
YBR248C,-0.258
YOL037C,-0.004
YNL058C,-0.515
YGR295C,-0.150
YER112W,0.193
YDR060W,0.139
YCR081W,0.213
YDR206W,0.008
YGL263W,-0.562
YCL050C,-0.252
YBR175W,-0.066
YBL071C,-0.033
YER113C,-0.023
YML079W,-0.001
YOR352W,0.154
YDR207C,0.084
YPR048W,0.113
YJR160C,-0.097
YBR249C,-0.260
YOR069W,0.075
YPL017C,0.031
YDL102W,0.043
YNL059C,0.221
YOR280C,-0.053
YOR353C,0.025
YJL201W,0.013
YPR049C,0.377
YER040W,0.098
YDR061W,0.042
YGL191W,0.030
YCR082W,0.065
YDL103C,0.113
YBR176W,-0.019
YBL072C,-0.342
YOL038W,0.079
YJL202C,0.064
YIL150C,-0.043
YER114C,0.021
YGR296W,0.015
YDR135C,0.170
YNL270C,1.046
YBR177C,-0.303
YJR161C,-0.195
YDL030W,0.244
YCL051W,-0.134
YOR281C,0.226
YOR354C,0.022
YFR020W,-0.225
YER041W,-0.146
YDR062W,-0.171
YGL192W,-0.094
YDR208W,0.266
YCR083W,-0.050
YDL104C,0.082
YCL052C,-0.040
YPL018W,-0.074
YJL130C,-0.228
YOL039W,-0.190
YIL151C,-0.112
YER115C,0.025
YDR136C,0.085
YGL193C,-0.222
YCR084C,0.044
YDR209C,-0.121
YLR120C,-0.530
YNL271C,-0.161
YJR162C,0.198
YEL010W,-0.580
YPL019C,-0.119
YDL031W,0.239
YBL073W,-0.028
YJL203W,0.083
YFR021W,-0.001
YER042W,0.031
YDR063W,0.013
YBR178W,-0.260
YKL110C,0.093
YBL074C,-0.079
YGR001C,-0.076
YJL131C,0.078
YJL204C,0.062
YER043C,-0.050
YER116C,0.029
YOR282W,0.151
YGL194C,0.202
YOR355W,-0.176
YLR121C,-0.685
YBR179C,0.240
YNL272C,0.153
YJR090C,0.116
YEL011W,-0.260
YDL032W,-0.122
YDL105W,0.293
YDR420W,0.314
YFR022W,-0.460
YIL152W,0.060
YMR100W,0.032
YDR064W,-0.489
YDR137W,0.204
YPL230W,0.059
YDL033C,0.017
YCR085W,-0.473
YDL106C,0.075
YKL111C,0.452
YBL075C,-0.281
YGR002C,0.016
YER044C,-0.099
YMR101C,0.004
YOR283W,0.099
YOR356W,0.291
YLR122C,-0.000
YJR091C,-0.023
YEL012W,0.289
YCL054W,0.386
YPR190C,0.220
YOR357C,0.021
YJL132W,-0.105
YDR421W,0.136
YFR023W,0.473
YIL153W,-0.023
YER117W,-0.418
YDR065W,0.056
YPL231W,-0.221
YDR138W,-0.340
YCR086W,-0.081
YKR070W,-0.105
YNL273W,0.000
YBL076C,-0.207
YDR422C,0.085
YJL206C,0.125
YFR024C,-0.116
YIL154C,0.034
YER045C,-0.125
YER118C,-0.073
YDR066C,-0.104
YMR102C,-0.374
YLR050C,0.048
YOR284W,-0.044
YDR139C,-0.099
YLR123C,-0.263
YKR071C,0.335
YNL274C,0.191
YEL013W,-0.186
YDL034W,0.105
YDL107W,0.182
YCL055W,-0.002
YKL112W,0.523
YHR001W-A,0.141
YGR003W,0.182
YJL060W,-0.287
YJL133W,-0.206
YEL014C,-0.643
YPL232W,0.159
YGL196W,0.085
YCR087W,0.129
YDL035C,0.000
YCL056C,0.033
YKL040C,0.130
YJR092W,0.113
YKL113C,0.583
YDR350C,-0.133
YDR423C,-0.003
YJL207C,-0.042
YFR025C,-0.154
YIL155C,0.714
YPR191W,0.197
YER119C,-0.065
YDR067C,-0.148
YMR103C,-0.298
YLR051C,0.000
YOR285W,-0.103
YOR358W,0.107
YKR072C,0.045
YJR093C,0.117
YDL108W,-0.038
YBL077W,-0.205
YJL061W,0.031
YGR004W,-0.092
YJL134W,-0.058
YER046W,-0.070
YMR030W,0.134
YPL160W,-0.135
YPL233W,0.191
YGL197W,-0.018
YDL036C,0.185
YLR124W,-0.017
YCR088W,-0.037
YLL020C,0.277
YDL109C,0.058
YNL275W,0.049
YBL078C,0.060
YKL114C,0.111
YGR005C,0.163
YJL208C,0.127
YDR424C,-0.041
YIL083C,-0.047
YFR026C,-0.133
YER047C,0.094
YPR192W,0.008
YMR031C,0.199
YPL161C,0.176
YMR104C,-0.155
YOR286W,0.027
YPL234C,-0.207
YOR359W,0.045
YKR073C,-0.188
YJR094C,-0.039
YNL276C,-0.110
YEL015W,0.222
YPR193C,-0.465
YCL057W,-0.088
YKL041W,0.288
YOR287C,0.153
YJL062W,-0.123
YJL135W,-0.099
YDR351W,-0.052
YIL156W,0.095
YNR010W,-0.037
YDR068W,0.190
YEL016C,-0.075
YGL198W,-0.023
YLR052W,-0.405
YCR089W,0.067
YLR125W,-0.170
YCL058C,0.123
YKL115C,0.001
YJL063C,-0.026
YJL136C,-0.196
YIL084C,-0.029
YNR011C,0.146
YIL157C,0.017
YER048C,0.191
YPL162C,-0.007
YDR069C,-0.062
YMR105C,-0.459
YLR053C,0.172
YGL199C,-0.140
YLR126C,0.734
YLL021W,-0.155
YPR194C,-0.454
YKL042W,-0.191
YBL079W,-0.186
YOR288C,-0.218
YGR006W,-0.228
YDR352W,-0.037
YDR425W,0.066
YFR027W,-0.101
YJL209W,0.000
YMR032W,0.173
YPL235W,0.018
YLL022C,0.265
YKR074W,-0.265
YCL059C,0.083
YJR095W,1.715
YNL277W,0.141
YKL116C,-0.158
YJL137C,0.168
YFR028C,0.189
YIL085C,-0.053
YPL090C,-0.264
YMR106C,0.077
YPL163C,-0.245
YPL236C,-0.109
YLR054C,-0.160
YLR127C,0.064
YKR075C,0.668
YEL017W,0.005
YML001W,-0.055
YPR195C,-0.194
YKL043W,-0.108
YDR280W,0.105
YJL064W,0.040
YGR007W,-0.030
YDR353W,-0.084
YIL158W,0.217
YLR410W,0.117
YNR012W,0.036
YER049W,-0.017
YMR033W,0.012
YDL039C,-0.393
YLL023C,-0.325
YNL278W,0.054
YJR096W,-0.330
YDR281C,-0.058
YJL065C,0.043
YGR008C,-0.360
YJL138C,-0.254
YIL086C,-0.119
YNR013C,-0.135
YMR034C,0.266
YPL164C,0.182
YLR055C,0.178
YOR289W,-0.150
YEL018W,0.207
YKL044W,-0.214
YKL117W,0.101
YDR354W,-0.122
YFR029W,0.147
YDR427W,0.006
YIL159W,-0.045
YLR411W,-0.029
YPL091W,-0.097
YMR107W,0.498
YEL019C,0.111
YPL237W,-0.009
YLR128W,0.028
YKR076W,0.123
YLL024C,-0.563
YER007C-A,-0.145
YNL279W,0.035
YJR097W,0.100
YBR084C-A,-0.258
YGR009C,0.236
YDR282C,0.131
YJL066C,-0.087
YDR355C,0.125
YJL139C,-0.057
YDR428C,-0.026
YIL087C,-0.171
YPR196W,0.221
YPL165C,-0.248
YPL238C,-0.033
YJR098C,0.112
YKL045W,0.366
YKL118W,0.220
YLR412W,0.159
YNR014W,-0.572
YMR035W,0.027
YPL092W,-0.139
YMR108W,0.040
YGR220C,0.060
YLR056W,-0.132
YML004C,-0.136
YLR129W,0.131
YKR077W,0.051
YKL046C,-0.146
YKL119C,-0.039
YDR283C,0.172
YDR429C,0.078
YIL088C,-0.042
YMR036C,0.280
YBR100W,0.143
YLL025W,-0.108
YBR101C,0.258
YJL067W,-0.168
YDR356W,0.416
YLR340W,-0.259
YNR015W,-0.019
YLR413W,-0.484
YPL093W,0.254
YMR109W,-0.051
YPL166W,-0.236
YPL239W,0.270
YGR221C,-0.074
YLR057W,-0.015
YKR078W,0.097
YJR099W,0.200
YJL068C,-0.098
YDR284C,-0.148
YDR357C,0.040
YNR016C,-0.060
YLR414C,-0.104
YPR198W,-0.095
YMR037C,0.014
YPL094C,-0.008
YPL167C,-0.042
YLR058C,-0.721
YKR079C,-0.002
YHR200W,-0.004
YML005W,0.026
YLL026W,-0.646
YPR199C,-0.098
YKL047W,0.021
YBR102C,0.163
YMR320W,-0.199
YIL089W,-0.281
YLR341W,-0.154
YHR201C,-0.048
YML006C,0.107
YKL048C,0.198
YJL069C,0.267
YMR321C,-0.505
YLR415C,0.000
YMR038C,0.188
YPL095C,-0.107
YLR059C,-0.114
YAR050W,-0.249
YDL180W,-0.077
YGR222W,-0.063
YLL027W,0.293
YDR285W,-0.000
YDR358W,0.007
YLR342W,-0.447
YNR017W,0.026
YGR150C,0.185
YPL168W,0.035
YGR223C,0.166
YKL049C,0.211
YDR286C,-0.148
YMR322C,-0.260
YDR359C,0.067
YLR416C,-0.294
YMR039C,-0.052
YBR030W,0.157
YBR103W,0.213
YPL169C,-0.121
YDL181W,0.158
YAL020C,0.106
YHR202W,-0.253
YML007W,0.359
YCR010C,1.100
YLL028W,-0.189
YLR270W,-0.088
YLR343W,0.042
YNR018W,0.149
YHR130C,-0.147
YPL096W,0.063
YHR203C,-0.289
YGR151C,0.073
YML008C,0.277
YBR031W,-0.148
YBR104W,-0.272
YDL182W,0.158
YAL021C,0.025
YGR224W,-0.187
YGL120C,0.119
YLL029W,0.122
YCR011C,0.025
YBR105C,0.158
YMR250W,-0.776
YDR287W,0.128
YMR323W,-0.371
YDL183C,0.202
YLR271W,-0.229
YLR344W,-0.299
YNR019W,0.143
YLR417W,0.033
YHR131C,-0.065
YPL097W,0.056
YGR152C,0.194
YML009C,-0.089
YMR324C,0.141
YLR272C,0.219
YLR418C,0.141
YPL098C,0.085
YBR032W,-0.499
YBL001C,-0.059
YAR053W,-0.094
YAL022C,-0.106
YHR204W,-0.160
YGR225W,-0.258
YGL121C,-0.359
YMR251W,0.162
YDR288W,0.023
YDL184C,-0.237
YLR345W,0.108
YHR132C,0.039
YGR226C,-0.509
YMR252C,-0.317
YDR289C,0.160
YLR273C,0.303
YLR346C,0.217
YCR012W,-0.668
YBR033W,0.461
YPL099C,0.117
YBR106W,-0.203
YAL023C,-0.158
YHR205W,0.160
YGR080W,-0.050
YGR153W,0.053
YGL122C,0.174
YOR210W,0.012
YCR013C,-0.614
YBR034C,0.183
YNL200C,-0.316
YBR107C,-0.177
YLR419W,0.198
YHR133C,-0.277
YGR081C,0.116
YGR154C,-0.034
YBL002W,0.218
YOR211C,0.179
YMR180C,-0.102
YMR253C,-0.089
YMR326C,-0.507
YLR347C,0.021
YBL003C,0.138
YDL185W,-0.055
YAL024C,0.456
YHR060W,0.099
YKL190W,0.013
YHR206W,0.092
YGR227W,-0.064
YCR014C,0.054
YBR035C,-0.034
YNL201C,0.269
YLR274W,0.012
YIR040C,-0.269
YHR061C,-0.076
YHR207C,0.139
YMR181C,-0.210
YMR254C,0.243
YGL050W,0.054
YLR348C,0.540
YGL123W,-0.306
YBR108W,-0.001
YDL186W,0.087
YAL025C,0.295
YKL191W,0.121
YHR134W,-0.152
YGR082W,-0.092
YGR155W,0.040
YGR228W,0.176
YGL124C,-0.043
YOR212W,-0.189
YCR015C,-0.007
YBR036C,-0.142
YBR109C,-0.089
YDL187C,-0.025
YLR275W,0.099
YHR062C,0.061
YHR135C,0.082
YKL192C,-0.075
YGR083C,0.163
YGR229C,0.275
YBL004W,0.015
YOR213C,0.045
YMR182C,-0.099
YHL030W,-0.134
YLR276C,0.288
YGL051W,-0.111
YNL202W,0.917
YJR020W,0.474
YIR041W,-0.110
YHL031C,0.074
YHR208W,-0.129
YGR156W,-0.009
YOR140W,0.190
YFL034C-B,-0.228
YBR037C,0.105
YNL130C,-0.117
YNL203C,0.820
YMR255W,0.211
YJR021C,-0.044
YIR042C,-0.074
YDL188C,-0.088
YLR349W,0.499
YHR063C,0.030
YHR136C,-0.023
YKL193C,-0.161
YPR120C,0.180
YGR084C,0.101
YBL005W,-0.000
YOR141C,0.347
YOR214C,-0.274
YIL010W,-0.109
YMR183C,-0.822
YMR256C,0.116
YLR277C,0.047
YGL052W,-0.182
YGL125W,-0.064
YCR016W,0.216
YBL006C,-0.072
YCR020C-A,-0.223
YHL032C,0.572
YHR209W,-0.509
YGR157W,-0.193
YKR001C,0.028
YNL204C,-0.024
YHR064C,-0.207
YKL194C,-0.141
YGR085C,-0.188
YGR158C,0.034
YOR215C,0.151
YAL027W,-0.278
YIL011W,-0.068
YMR257C,-0.076
YLR278C,0.033
YGL053W,-0.129
YGL126W,-0.284
YOL110W,0.157
YNL131W,-0.043
YBR038W,-0.092
YJR022W,0.059
YBL007C,0.032
YDL189W,-0.005
YHR137W,1.023
YHL033C,-0.287
YPR121W,-0.203
YOR142W,0.241
YGL054C,-0.028
YGL127C,-0.138
YOL111C,-0.018
YMR184W,-0.238
YJR023C,-0.005
YNL205C,-0.377
YIR044C,-0.170
YHR065C,0.247
YHR138C,-0.248
YGR086C,0.153
YOR070C,-0.013
YGR159C,-0.124
YOR143C,0.114
YOR216C,0.259
YAL028W,-0.292
YIL012W,-0.382
YMR258C,-0.231
YKR002W,0.300
YBR039W,0.047
YNL132W,-0.049
YML080W,0.244
YAL029C,0.013
YIL013C,-0.396
YKL195W,0.076
YHL034C,0.094
YPR122W,-0.107
YGL128C,-0.062
YNL133C,0.264
YMR185W,0.267
YNL206C,0.175
YJR024C,-0.065
YLR279W,-0.128
YKL196C,-0.109
YHR139C,-0.594
YPR123C,0.515
YGR087C,-0.671
YOR071C,-0.099
YOR144C,0.278
YBL008W,0.153
YBR250W,0.025
YGL055W,-0.168
YOL112W,0.057
YCR019W,-0.064
YKR003W,-0.130
YML081W,0.004
YHR066W,0.447
YHL035C,0.286
YGL056C,0.564
YGL129C,0.105
YOR217W,-0.032
YKR004C,0.010
YMR186W,-0.032
YNL134C,-0.485
YJR025C,-0.148
YKL197C,0.069
YOR145C,0.394
YBL009W,0.125
YOR218C,-0.103
YIL014W,-0.085
YMR187C,-0.001
YBR251W,0.237
YOL113W,-0.161
YNL061W,0.107
YNL207W,0.150
YML082W,0.144
YHR067W,-0.022
YPR051W,0.078
YPR124W,0.760
YGR088W,-0.910
YPL020C,0.254
YOR072W,-0.005
YGL057C,-0.023
YOL114C,0.074
YNL062C,0.219
YKR005C,0.042
YNL135C,-0.071
YML083C,-0.229
YKL198C,0.098
YOR219C,-0.159
YDR210W,-0.156
YIL015W,-0.622
YMR188C,0.181
YBR252W,-0.104
YHL036W,-0.500
YNL208W,0.189
YHR068W,-0.382
YPR125W,0.194
YGR089W,0.030
YHL037C,-0.242
YOR073W,0.161
YOR146W,0.408
YKR006C,0.151
YHR069C,0.044
YKL199C,0.025
YPR126C,0.057
YOR074C,0.245
YDR211W,0.035
YIL016W,-0.200
YBR180W,-0.197
YBR253W,-0.008
YPL021W,-0.747
YGL058W,0.088
YOL042W,-0.014
YOL115W,0.167
YNL063W,-0.102
YNL136W,0.343
YML084W,0.000
YNL209W,-0.368
YBR181C,-0.287
YBR254C,-0.115
YHL038C,-0.000
YOR147W,0.150
YOL043C,0.042
YNL064C,0.053
YNL137C,0.107
YMR189W,-0.164
YML085C,0.077
YOR148C,0.192
YDR212W,-0.145
YPL022W,0.177
YGL059W,-0.052
YOL116W,0.237
YKR007W,0.000
YPR054W,-0.183
YBR182C,-0.182
YPR127W,-0.323
YOR075W,0.319
YPL023C,0.069
YML086C,0.027
YPR128C,0.000
YOR076C,0.139
YDR140W,-0.021
YOR149C,-0.181
YDR213W,-0.106
YIL018W,-0.358
YBR255W,0.142
YHL039W,0.114
YOL044W,0.024
YOL117W,0.110
YKR008W,0.226
YNL065W,-0.061
YNL138W,-0.095
YDR141C,0.171
YPR055W,-0.010
YBR256C,-0.224
YOL118C,0.080
YKR009C,1.246
YNL139C,-0.232
YML087C,-0.070
YOR360C,-0.011
YER120W,-0.103
YDR214W,0.007
YDL110C,0.075
YIL019W,0.082
YBR183W,-0.203
YPL024W,0.252
YOL045W,-0.128
YNL066W,-0.034
YDR142C,-0.101
YCR090C,-0.164
YDR215C,-0.684
YPR056W,0.027
YPR129W,0.096
YOR077W,0.127
YPL025C,-1.024
YOL046C,-0.088
YOL119C,0.006
YOR361C,-0.020
YER121W,0.295
YDL111C,-0.004
YBR184W,0.020
YBR257W,0.149
YBL080C,0.037
YNL067W,-0.328
YER122C,0.173
YML088W,0.114
YDR070C,-0.915
YDR143C,-0.086
YPR057W,0.181
YBR185C,0.018
YBR258C,-0.127
YOR078W,0.405
YPL026C,0.135
YOL047C,0.158
YNL068C,0.089
YML089C,0.487
YOR362C,0.036
YJL210W,0.050
YOR079C,-0.175
YDR216W,0.152
YCR091W,0.022
YLR200W,0.080
YJL211C,0.124
YDR500C,-0.292
YER050C,0.089
YDR071C,0.115
YDR144C,-0.213
YDR217C,0.276
YCR092C,0.076
YLR201C,-0.083
YPR058W,-0.193
YOL048C,-0.119
YDL112W,-0.062
YNL069C,-0.346
YBL081W,0.083
YOR290C,-0.119
YOR363C,0.094
YER123W,0.096
YDL040C,-0.017
YDL113C,0.189
YCL061C,0.071
YBR186W,0.012
YBR259W,-0.146
YBL082C,-0.296
YPL027W,-0.034
YJL212C,-0.384
YIL160C,1.044
YER124C,0.179
YDR072C,0.092
YDR218C,-0.070
YLR202C,-0.177
YER087C-A,-0.234
YFR030W,0.037
YDR501W,-0.086
YER051W,-0.004
YEL020C,0.136
YDR145W,0.060
YCR093W,0.071
YBR187W,-0.170
YBL083C,-0.205
YPL028W,-0.128
YFR031C,0.253
YOL049W,-0.024
YDR502C,-0.349
YER052C,-0.470
YOR291W,0.002
YDR146C,-0.190
YDR219C,0.217
YOR364W,-0.164
YLR130C,-0.267
YLR203C,-0.076
YBR188C,0.073
YDL041W,0.306
YDL114W,0.090
YGR010W,0.141
YOR292C,-0.304
YJL140W,0.251
YOR365C,0.203
YJL213W,-0.158
YIL161W,0.176
YER125W,-0.027
YDR073W,0.195
YDL042C,0.353
YCR094W,0.127
YDL115C,0.288
YNL281W,-0.000
YPL029W,0.148
YJL141C,-0.095
YDR430C,-0.115
YFR032C,-0.237
YDR503C,-0.257
YER053C,-0.779
YER126C,0.162
YMR110C,-0.110
YPL240C,0.222
YCR095C,-0.067
YLR131C,-0.087
YEL021W,-0.388
YCL063W,-0.121
YKL120W,0.324
YGR011W,-0.060
YJL214W,0.340
YIL162W,-0.318
YDR074W,-0.439
YDR147W,0.044
YDL043C,-0.051
YLR204W,0.024
YCL064C,0.462
YNL282W,-0.005
YBR189W,-0.274
YJL142C,-0.220
YJL215C,0.088
YFR033C,-0.147
YDR504C,-0.020
YIL163C,-0.407
YER054C,0.057
YMR111C,0.051
YDR148C,0.161
YPL241C,-0.072
YOR293W,-0.464
YOR366W,0.138
YLR132C,0.052
YCR096C,0.087
YLR205C,0.023
YFL001W,0.098
YNL283C,-0.043
YEL022W,-0.056
YDL116W,0.038
YBL085W,-0.070
YKL121W,-0.056
YGR012W,0.132
YIL090W,0.139
YDR431W,-0.069
YFL002C,-0.285
YER127W,0.267
YDR075W,0.473
YEL023C,0.177
YDL044C,0.294
YKR080W,-0.673
YKL122C,0.196
YBL086C,0.059
YFR034C,0.121
YJL216C,0.311
YIL091C,0.334
YDR505C,0.100
YIL164C,-0.064
YER055C,-0.475
YMR112C,0.092
YOR294W,0.258
YPL242C,0.021
YOR367W,0.102
YKR081C,0.169
YNL284C,0.126
YDL117W,-0.113
YCL065W,-0.379
YGR013W,0.111
YJL143W,-0.088
YDR432W,-0.520
YFL003C,-0.218
YER128W,0.075
YDR076W,-0.056
YLR060W,-0.139
YDL045C,0.121
YLR133W,-0.122
YLR206W,0.074
YKL050C,0.083
YBL087C,-0.409
YFR035C,0.398
YDR506C,0.002
YIL165C,-0.138
YER056C,-0.127
YOR295W,0.101
YOR368W,0.151
YCR098C,0.064
YEL024W,0.052
YDL118W,-0.093
YCL066W,-0.437
YKL123W,0.245
YGR014W,-0.066
YJL071W,-0.217
YDR360W,0.033
YOR369C,-0.319
YJL144W,-0.356
YJL217W,0.729
YDR433W,-0.001
YIL092W,0.101
YER129W,-0.004
YMR040W,-0.228
YMR113W,-0.060
YEL025C,-0.277
YDR077W,-0.313
YPL243W,0.160
YLR061W,-0.299
YLR134W,-0.645
YKR082W,0.150
YDL119C,-0.098
YLR207W,-0.106
YLL030C,-0.050
YCL067C,0.169
YNL285W,-0.089
YBL088C,0.076
YGR015C,-0.043
YJL072C,-0.114
YDR361C,0.072
YIL093C,0.178
YDR507C,0.511
YNR020C,0.077
YIL166C,-0.137
YER057C,0.026
YMR041C,0.193
YMR114C,0.231
YDR078C,-0.014
YPL171C,-0.323
YOR296W,0.050
YLR062C,-0.303
YPL244C,-0.226
YCR099C,-0.143
YKR083C,-0.364
YFL004W,0.093
YDL046W,0.105
YKL051W,-0.518
YKL124W,0.234
YOR297C,-0.027
YJL145W,0.131
YJL218W,0.034
YFR036W,-0.015
YDR434W,-0.085
YLR135W,0.089
YLR208W,-0.120
YLL031C,-0.093
YCL068C,0.047
YNL286W,0.162
YKL052C,-0.065
YDR362C,0.286
YFR037C,0.297
YIL094C,0.185
YDR435C,-0.120
YDR508C,0.319
YPL172C,-0.302
YHR039C-A,-0.024
YLR136C,-0.035
YKR084C,0.033
YLR209C,-0.187
YFL005W,0.068
YEL026W,-0.185
YML010W,0.153
YDL047W,0.044
YKL125W,0.480
YBL089W,-0.124
YJL073W,0.020
YGR016W,0.077
YJL146W,0.158
YJL219W,0.298
YNR021W,-0.096
YER058W,-0.234
YMR042W,0.130
YMR115W,0.266
YDR079W,0.025
YLR063W,-0.157
YML011C,-0.104
YPL245W,-0.389
YLL032C,0.038
YNL287W,-0.113
YJL074C,0.299
YJL147C,0.200
YNR022C,-0.039
YMR116C,-0.278
YPL246C,-0.093
YOR298W,-0.154
YKR085C,0.010
YFL006W,-0.029
YCL069W,-0.093
YKL053W,-0.016
YKL126W,-0.121
YDR290W,-0.048
YGR017W,0.029
YOR001W,0.164
YDR363W,0.091
YFR038W,0.278
YDR436W,0.081
YIL095W,0.088
YDR509W,0.340
YIL168W,-0.584
YLR420W,-0.128
YER059W,0.045
YMR043W,-0.183
YPL173W,0.150
YLR064W,-0.126
YDL049C,0.327
YLR137W,0.157
YKL054C,0.218
YNL288W,-0.152
YGR018C,0.069
YJL075C,-0.156
YDR364C,0.003
YIL096C,0.232
YFR039C,0.125
YIL169C,0.054
YLR421C,0.014
YPL174C,0.190
YMR117C,0.093
YOR299W,-0.230
YPL247C,-0.337
YLR065C,-0.197
YFL007W,-0.395
YEL028W,-0.327
YML012W,-0.079
YLL033W,0.000
YKL127W,-0.266
YDR291W,-0.004
YJL148W,0.207
YOR002W,-0.181
YDR437W,-0.130
YNR023W,0.186
YMR044W,0.255
YEL029C,-0.203
YLR138W,-0.157
YLL034C,0.599
YKR086W,0.161
YKL055C,0.117
YKL128C,-0.274
YDR292C,0.159
YDR365C,0.091
YMR118C,-0.199
YPL248C,0.100
YLR139C,0.048
YKR087C,-0.041
YFL008W,-0.029
YML013W,0.087
YJL076W,0.096
YGR019W,-0.163
YOR003W,0.158
YJL149W,0.051
YIL097W,0.107
YDR438W,-0.045
YNR024W,0.188
YLR422W,0.083
YPL175W,-0.261
YLR066W,-0.086
YKL056C,-0.375
YKL129C,-0.007
YJL077C,-0.106
YDR293C,-0.285
YDR366C,-0.286
YIL098C,-0.005
YNR025C,0.258
YLR423C,0.100
YBR110W,-0.147
YPL176C,-0.188
YPL249C,0.183
YLR067C,0.048
YKR088C,-0.222
YFL009W,-0.010
YGR230W,0.177
YML014W,-0.260
YLL035W,-0.063
YBR111C,-0.079
YOR004W,0.057
YLR350W,0.000
YDR439W,0.099
YHR210C,-0.439
YJL205C-A,-0.155
YML015C,0.283
YGR231C,0.011
YLL036C,0.158
YKL057C,0.096
YDR294C,0.073
YJL078C,0.008
YOR005C,0.022
YLR351C,-0.151
YNR026C,0.126
YMR047C,0.093
YPL177C,-0.074
YKR089C,0.035
YGL200C,-0.142
YBR112C,0.108
YAR060C,-0.082
YDL190C,-0.061
YIL099W,-0.546
YLR424W,0.143
YLR068W,-0.148
YML016C,-0.154
YDR295C,0.182
YJL079C,-0.358
YOR006C,0.216
YLR069C,0.080
YHR211W,0.017
YGR232W,-0.118
YGL201C,0.013
YLL037W,0.013
YKL058W,-0.153
YDR368W,-0.111
YLR352W,0.077
YLR425W,0.158
YNR027W,0.011
YMR048W,0.318
YHR212C,-0.367
YPL178W,0.055
YER044C-A,-0.393
YGR233C,0.044
YLL038C,-0.196
YKL059C,0.027
YLR280C,-0.000
YDR369C,0.129
YOR007C,0.026
YMR049C,0.200
YBR040W,-0.632
YBR113W,0.129
YAR061W,-0.274
YDL191W,-0.263
YGR160W,0.065
YCR020C,-0.262
YLR353W,-0.009
YNR028W,0.084
YLR426W,0.037
YPL179W,-0.036
YGR161C,-0.399
YML018C,-0.123
YAL030W,-0.050
YLL039C,-0.075
YMR260C,0.173
YOR008C,0.007
YLR281C,0.022
YLR354C,-0.057
YNR029C,0.142
YGL202W,-0.305
YBR041W,-0.395
YBR114W,-0.120
YBL010C,0.135
YAR062W,0.056
YDL192W,-0.098
YAL031C,-0.084
YHR140W,-0.145
YHR213W,-0.063
YGR234W,-0.189
YGL203C,0.013
YCR021C,-0.851
YBR042C,-0.090
YBR115C,0.150
YDR297W,-0.205
YLR427W,0.038
YHR141C,-0.359
YGR235C,0.068
YMR261C,-0.236
YDR298C,-0.018
YLR282C,0.167
YGL130W,0.164
YLR355C,-0.068
YLR428C,-0.000
YDL193W,-0.056
YAL032C,-0.139
YHR214W,-0.029
YGR162W,0.114
YDR001C,-0.250
YML019W,-0.171
YGL131C,0.229
YCR022C,-0.207
YGL204C,-0.228
YBR043C,0.454
YBR116C,-0.299
YJR100C,-0.005
YOR009W,-0.181
YBL011W,0.039
YGR236C,-0.064
YBL012C,-0.054
YAR064W,-0.291
YDL194W,0.139
YHR142W,-0.245
YHR215W,-0.371
YGR090W,-0.269
YGR163W,0.093
YOR220W,-0.183
YCR023C,-0.016
YBR044C,-0.030
YBR117C,0.000
YMR262W,-0.171
YDR299W,0.518
YLR283W,-0.050
YLR356W,-0.204
YLR429W,-0.087
YPR200C,-0.265
YGR237C,-0.088
YOR221C,-0.144
YAL033W,-0.194
YMR190C,0.581
YLR284C,0.195
YDR002W,-0.027
YGL132W,-0.122
YGL205W,1.456
YNL210W,-0.228
YJR101W,-0.039
YDL195W,0.407
YAL034C,-0.278
YHR070W,0.058
YHR143W,-0.123
YGR091W,0.115
YHR216W,-0.157
YGR164W,-0.473
YCR024C,-0.050
YBR045C,0.786
YMR263W,0.229
YNL211C,-0.233
YJR102C,-0.003
YLR357W,-0.076
YHR144C,-0.121
YGR238C,0.000
YBL013W,0.076
YGL060W,-0.010
YDR003W,-0.099
YGL133W,0.158
YLR358C,0.249
YBR118W,-0.074
YBL014C,0.011
YDL196W,0.270
YHR071W,-0.614
YHL040C,0.254
YGR092W,-0.066
YPR201W,0.063
YGR165W,-0.013
YGL061C,0.022
YOR222W,-0.092
YCR025C,-0.231
YBR046C,0.450
YMR191W,0.326
YMR264W,0.000
YJR030C,-0.013
YDL197C,0.140
YLR285W,0.371
YHR145C,-0.258
YGR239C,0.130
YAL035W,0.124
YMR265C,-0.131
YDR004W,0.052
YLR286C,-0.012
YGL134W,0.138
YGL207W,0.059
YNL212W,0.196
YBR119W,-0.034
YJR103W,-0.103
YAL036C,0.047
YHR072W,-0.008
YIL020C,-0.618
YHR218W,0.046
YGR093W,0.044
YPR202W,-0.043
YGR166W,-0.151
YOR150W,-0.053
YDR005C,-0.120
YOR223W,0.030
YCR026C,0.213
YKR010C,0.216
YMR192W,-0.094
YNL140C,-0.056
YJR031C,0.100
YNL213C,0.081
YJR104C,-0.205
YDL198C,-0.261
YLR359W,-0.746
YPR130C,0.080
YBL015W,0.176
YOR151C,0.070
YOR224C,-0.134
YHL041W,-0.119
YGL062W,0.625
YLR287C,0.214
YGL135W,-0.432
YGL208W,0.354
YBR047W,0.265
YAR068W,0.122
YHR073W,0.042
YHR146W,0.173
YHR219W,-0.062
YGR094W,-0.158
YPR203W,-0.004
YGR167W,0.015
YDR006C,0.244
YGL136C,-0.066
YCR027C,-0.060
YOL120C,-0.409
YKR011C,0.034
YMR193W,-0.308
YMR266W,-0.275
YDL199C,0.194
YHR147C,-0.042
YPR131C,-0.096
YGR095C,-0.021
YGR168C,-0.065
YOR152C,0.072
YBL016W,-0.178
YAL037W,-0.086
YIL021W,0.180
YHL042W,-0.137
YLR288C,0.015
YGL063W,0.123
YGL209W,-0.090
YBR048W,-0.407
YNL141W,-0.263
YNL214W,0.122
YJR032W,0.040
YJR105W,-0.279
YBL017C,-0.134
YHR074W,-0.042
YPR204W,0.020
YGL064C,0.129
YOR225W,-0.025
YCR028C,-0.026
YKR012C,-0.485
YBR049C,0.385
YMR194W,-0.311
YMR267W,0.097
YJR033C,-0.040
YHR075C,-0.114
YGR169C,-0.092
YOR226C,0.009
YJL001W,-0.076
YAL038W,-0.652
YIL022W,0.047
YMR268C,0.168
YHL043W,-0.051
YPL100W,0.132
YDR007W,-0.069
YGL137W,0.068
YNL142W,0.131
YNL215W,0.386
YML090W,0.150
YJR106W,-0.139
YBL018C,-0.140
YJL002C,-0.185
YAL039C,0.050
YIL023C,-0.161
YHR148W,0.203
YBR260C,0.205
YPR132W,-0.242
YGR096W,-0.161
YOR080W,0.015
YGL065C,0.048
YOR153W,0.024
YGL138C,-0.310
YOL122C,-0.442
YMR195W,-0.407
YNL143C,-0.227
YML091C,0.305
YER066C-A,-0.535
YLR289W,0.145
YHR149C,0.204
YPR060C,0.051
YPR133C,0.266
YOR081C,-0.066
YHL044W,-0.445
YPL101W,0.177
YKR013W,-0.397
YNL070W,-0.134
YNL216W,0.205
YJR034W,0.017
YJR107W,-0.213
YHR076W,-0.006
YIL024C,-0.091
YBR261C,-0.013
YGR097W,-0.549
YOR154W,0.339
YPL102C,0.095
YOL050C,0.066
YOR227W,-0.269
YKR014C,-0.189
YNL144C,-0.144
YMR269W,-0.064
YML092C,-0.081
YHR077C,0.205
YPR061C,0.155
YGR098C,0.160
YOR082C,-0.210
YBL019W,0.076
YOR155C,-0.141
YOR228C,-0.025
YJL003W,0.157
YMR197C,-0.573
YHL045W,-0.270
YGL066W,0.114
YDR009W,-0.111
YGL139W,0.106
YOL123W,0.245
YNL071W,-0.094
YJR035W,0.282
YNL217W,-0.337
YJR108W,-0.284
YDR220C,0.077
YJL004C,-0.048
YIL025C,-0.352
YPR134W,0.083
YBR262C,-0.063
YHL046C,-0.192
YPL103C,-0.173
YOL124C,0.286
YKR015C,0.050
YJR036C,-0.055
YJR109C,-0.323
YOR156C,-0.255
YPL030W,0.113
YGL067W,-0.191
YOL051W,0.171
YNL072W,0.181
YNL145W,-0.764
YML093W,0.395
YNL218W,0.175
YIL026C,0.181
YHR078W,-0.235
YPR062W,-0.070
YHL047C,0.362
YPR135W,0.181
YGR099W,-0.043
YPL031C,-0.106
YOR083W,-0.005
YOR229W,0.074
YOL052C,0.042
YMR198W,0.107
YNL219C,-0.120
YHR079C,0.049
YPR063C,-0.201
YPR136C,-0.115
YOR157C,0.155
YDR221W,0.043
YJL005W,-0.120
YBR190W,-0.209
YBR263W,-0.037
YPL104W,0.088
YGL068W,-0.085
YOL125W,0.118
YKR016W,0.307
YNL073W,-0.054
YNL146W,-0.116
YML094W,-0.055
YJR037W,-0.164
YKL096W-A,-0.197
YJL006C,0.076
YIL027C,-0.145
YBR264C,0.145
YOR084W,0.790
YPL032C,0.024
YPL105C,0.257
YGL069C,-0.074
YOL126C,0.159
YKR017C,0.087
YNL074C,-0.012
YMR199W,0.108
YJR038C,-0.073
YML095C,0.367
YDR222W,0.263
YBR191W,-0.504
YHL048W,-0.022
YOL053W,0.136
YNL147W,0.034
YJL007C,0.019
YPR064W,-0.266
YPR137W,0.093
YHL049C,0.029
YPL033C,-0.688
YOR085W,-0.121
YOR158W,0.217
YPL106C,-0.185
YKR018C,-0.023
YNL148C,-0.180
YPR138C,0.052
YOR086C,-0.096
YDR150W,0.401
YOR159C,0.033
YDR223W,0.332
YIL028W,0.362
YBR192W,-0.068
YBR265W,-0.010
YOL054W,0.273
YOL127W,-0.192
YNL075W,0.130
YER130C,0.007
YJR039W,0.115
YML096W,0.074
YDR151C,0.049
YDR224C,0.188
YJL008C,0.160
YIL029C,-0.147
YPR065W,0.170
YBR193C,0.013
YBR266C,0.011
YOL055C,-0.033
YOL128C,0.087
YKR019C,0.092
YNL149C,0.162
YML097C,0.228
YOR370C,-0.027
YPR139C,0.080
YPL034W,-0.103
YPL107W,0.261
YNL076W,0.144
YPR066W,-0.165
YPL035C,-0.054
YOR087W,-0.092
YDL120W,-0.025
YOR371C,0.136
YER131W,-0.210
YDR152W,0.198
YDR225W,0.153
YJL009W,-0.020
YDL121C,-0.212
YBR194W,0.077
YBR267W,0.272
YPL108W,0.403
YOL056W,-0.147
YOL129W,-0.065
YNL077W,0.156
YER132C,-0.010
YML098W,0.060
YDR153C,0.182
YBR195C,-0.043
YPR067W,-0.077
YOR088W,-0.124
YPL109C,0.155
YBL090W,0.057
YML099C,0.000
YOR372C,0.095
YJL220W,0.111
YPR068C,-0.082
YOR089C,0.193
YDR080W,0.000
YDR226W,-0.245
YLR210W,0.093
YBL091C,0.041
YBR268W,-0.075
YPL036W,-0.245
YJL221C,0.082
YOL057W,-0.122
YNL078W,0.030
YDR081C,0.205
YLR211C,-0.178
YBR196C,-0.426
YBR269C,-0.050
YPL037C,-0.109
YDL122W,0.229
YNL079C,0.196
YDR510W,-0.203
YPR069C,0.050
YER060W,-0.211
YER133W,0.051
YDR227W,0.389
YDL050C,0.061
YCL026C-A,-0.263
YKL201C,0.238
YOL058W,-0.652
YER061C,-0.296
YER134C,-0.211
YDR155C,-0.534
YDR228C,0.082
YLR212C,0.239
YBR197C,-0.123
YDL123W,-0.083
YJL222W,0.094
YFR040W,-0.057
YIL170W,0.294
YDR511W,-0.035
YDR082W,0.366
YNL290W,0.129
YBL093C,-0.059
YPL038W,0.035
YGR020C,-0.102
YFR041C,-0.002
YOL059W,-0.499
YJL223C,-0.129
YDR512C,-0.084
YER062C,-0.486
YER135C,-0.152
YOR374W,1.280
YLR213C,-0.155
YBR198C,0.100
YNL291C,-0.143
YEL030W,-0.280
YDL051W,-0.045
YDL124W,-0.316
YKL202W,0.252
YOR375C,-0.081
YJL150W,-0.271
YFL010C,0.160
YDR083W,0.097
YDR156W,0.003
YDR229W,0.099
YLR140W,0.358
YDL052C,-0.297
YDL125C,-0.280
YCL073C,-0.121
YKL130C,-0.039
YBL094C,-0.056
YKL203C,-0.101
YPL039W,0.172
YJL151C,-0.249
YIL172C,0.153
YMR120C,-1.052
YDR084C,-0.094
YPL250C,-0.237
YEL031W,-0.010
YGR021W,0.006
YDR440W,0.247
YFR042W,0.108
YDR513W,-0.139
YER063W,0.010
YER136W,0.073
YDL053C,0.077
YLR141W,0.026
YLR214W,0.518
YDL126C,0.060
YBR199W,-0.151
YGR022C,0.062
YFR043C,0.057
YDR441C,0.028
YDR514C,0.230
YER064C,0.029
YER137C,0.003
YMR121C,0.000
YDR085C,-0.563
YOR376W,0.319
YLR215C,0.146
YFL011W,0.356
YEL032W,0.112
YHR001W,0.171
YKL131W,-0.263
YBL095W,-0.266
YKL204W,0.253
YJL152W,-0.268
YIL173W,0.071
YPL251W,0.126
YDR158W,-0.311
YLR142W,0.580
YDL054C,-0.115
YKR090W,-0.167
YNL293W,-0.115
YBL096C,-0.009
YKL132C,-0.048
YJL080C,-0.251
YJL153C,0.081
YFR044C,-0.158
YER065C,0.650
YMR122C,0.404
YDR086C,-0.085
YLR070C,0.029
YPL252C,-0.058
YOR377W,-0.237
YLR216C,-0.167
YNL294C,-0.169
YFL012W,-0.721
YEL033W,0.121
YDL127W,-0.050
YHR002W,0.031
YGR023W,0.097
YKL205W,0.001
YDR442W,-0.308
YDR515W,0.266
YIL174W,0.007
YFL013C,0.283
YDR159W,0.157
YLR143W,0.023
YDL055C,-0.580
YKR091W,-0.542
YHR003C,0.078
YKL060C,-0.406
YKL133C,0.181
YJL081C,0.195
YGR024C,-0.124
YKL206C,-0.132
YDR370C,-0.005
YJL154C,-0.220
YDR443C,0.000
YDR516C,-0.403
YER139C,-0.075
YDR087C,0.462
YPL253C,0.202
YLR071C,0.112
YOR378W,0.093
YLR144C,-0.162
YKR092C,0.186
YEL034W,0.127
YDL128W,0.084
YCL076W,-0.669
YBL097W,0.255
YOR379C,0.125
YFR045W,0.395
YER066W,-0.092
YPL180W,0.374
YEL035C,-0.211
YMR123W,-0.016
YLL040C,0.108
YLR217W,-0.253
YNL295W,0.204
YHR004C,-0.097
YKL134C,0.130
YJL155C,-0.069
YFR046C,0.187
YIL176C,-0.029
YDR088C,0.294
YLR218C,0.237
YFL014W,-1.104
YDL056W,0.220
YDL129W,0.070
YKL061W,0.104
YBL098W,-0.050
YKL207W,-0.020
YJL082W,-0.217
YGR025W,-0.076
YDR371W,-0.062
YDR444W,0.078
YNR030W,-0.195
YDR517W,-0.124
YER067W,-0.608
YFL015C,-0.205
YPL181W,0.285
YEL036C,0.049
YMR124W,0.000
YPL254W,0.081
YLR072W,0.102
YLR145W,-0.114
YKR093W,0.290
YLL041C,0.138
YHR005C,-0.020
YNL296W,0.002
YKL135C,0.107
YJL156C,0.018
YOR010C,-0.245
YDR372C,-0.082
YDR445C,-0.461
YFR047C,-0.182
YNR031C,0.029
YPL182C,0.296
YLR073C,0.057
YLR146C,-0.191
YKR094C,0.036
YNL297C,0.073
YML020W,0.167
YDL057W,-0.014
YKL062W,-0.307
YBL099W,0.190
YJL083W,0.124
YGR026W,-0.131
YKL208W,-0.115
YDR518W,-0.272
YFL016C,0.187
YER068W,0.028
YMR052W,-0.662
YEL037C,0.092
YMR125W,-0.062
YDR089W,-0.460
YPL255W,0.199
YML021C,-0.029
YLR219W,0.034
YLL042C,-0.315
YKL063C,0.127
YJL084C,0.166
YKL209C,-0.292
YGR027C,-0.434
YJL157C,-0.158
YMR053C,-0.125
YPL183C,0.099
YMR126C,-0.081
YLR074C,0.004
YPL256C,-0.138
YLR147C,0.179
YDL058W,0.069
YHR006W,0.103
YOR011W,0.000
YDR373W,-0.048
YFR048W,-0.081
YDR446W,-0.706
YLR430W,-0.218
YNR032W,-0.035
YDR519W,-0.333
YFL017C,0.131
YER069W,-0.355
YDL059C,-0.159
YKR095W,0.205
YNL298W,0.028
YHR007C,-0.233
YDR374C,-0.434
YJL158C,-0.300
YDR447C,-0.415
YLR431C,0.000
YMR127C,0.045
YPL184C,-0.163
YNL001W,0.220
YEL038W,0.085
YML022W,-0.258
YLL043W,0.172
YKL064W,0.040
YKL137W,-0.258
YJL085W,0.000
YGR028W,-0.024
YOR012W,-0.372
YFR049W,0.012
YNR033W,0.126
YFL018C,0.234
YNL002C,0.197
YMR054W,-0.127
YEL039C,-0.319
YPL257W,0.021
YLR075W,-0.169
YML023C,-0.149
YLR148W,0.330
YKR096W,0.122
YNL299W,0.379
YHR008C,0.009
YKL065C,-0.148
YKL138C,-0.613
YJL086C,-0.107
YDR375C,-0.031
YMR055C,-0.069
YPL258C,0.105
YLR076C,-0.155
YLR149C,0.073
YLL044W,-0.295
YBR120C,0.026
YGR029W,-0.066
YJL159W,-0.357
YOR013W,-0.195
YDR448W,0.126
YNR034W,-0.281
YLR432W,-0.197
YNL003C,-0.180
YMR128W,0.254
YPL185W,0.007
YGR240C,-0.399
YKR097W,1.289
YLL045C,0.104
YHR009C,-0.193
YJL087C,0.069
YDR449C,0.216
YNR035C,0.003
YLR433C,-0.072
YMR056C,0.279
YPL186C,0.200
YPL259C,-0.029
YKR098C,0.010
YML024W,-0.551
YCR100C,-0.411
YKL066W,-0.154
YKL139W,0.158
YBR121C,-0.061
YOR014W,-0.038
YDR376W,-0.077
YLR360W,-0.063
YMR129W,-0.128
YML025C,0.138
YGR241C,0.003
YLR077W,0.144
YLL046C,-0.054
YLR361C,0.004
YNR036C,-0.032
YLR434C,0.277
YMR057C,-0.000
YLR078C,0.120
YNL004W,0.095
YCR101C,-0.346
YKL067W,-0.148
YBR122C,0.035
YAR070C,-0.081
YJL088W,-0.416
YDR377W,-0.036
YOR015W,-0.099
YNL005C,0.191
YPL187W,-0.006
YML026C,-0.459
YKR099W,0.466
YOR016C,0.027
YDR378C,-0.283
YGL210W,0.243
YNR037C,-0.022
YGR242W,0.015
YLL047W,-0.391
YCR102C,-0.398
YBR050C,0.432
YKL068W,0.148
YBR123C,0.054
YJL089W,0.037
YLR362W,0.144
YLR435W,-0.009
YMR058W,0.449
YPL188W,0.065
YLR079W,0.108
YLL048C,0.009
YLR290C,0.109
YLR363C,-0.052
YGL211W,0.042
YLR436C,-0.152
YAR071W,-0.791
YAL040C,-0.027
YNL006W,-0.017
YGR170W,0.100
YGR243W,0.530
YML027W,0.038
YCR030C,-0.042
YOR300W,-0.346
YCR103C,-0.323
YKL069W,-0.007
YOR017W,0.137
YDR379W,-0.041
YNR038W,0.143
YNL007C,-0.142
YMR059W,-0.022
YPL189W,-0.077
YGR171C,0.039
YGR244C,0.411
YMR270C,0.199
YLR291C,0.018
YLR437C,0.075
YNR039C,0.053
YGL212W,0.104
YBR051W,0.465
YBR124W,-0.076
YHR150W,0.273
YDR010C,0.481
YML028W,-0.192
YGL140C,-0.132
YOR301W,0.013
YGL213C,-0.049
YLL049W,-0.275
YCR031C,-0.373
YBR052C,-0.145
YBR125C,0.096
YOR018W,-0.204
YLR364W,-0.055
YHR151C,-0.149
YNL008C,0.011
YGR172C,-0.103
YGR245C,0.186
YBL020W,0.045
YAL041W,0.050
YMR271C,-0.209
YLR292C,-0.197
YCR104W,-0.048
YBL021C,0.073
YAR073W,-0.109
YML029W,-0.083
YBR053C,-0.084
YBR126C,-0.270
YOR019W,0.208
YLR365W,0.000
YLR438W,0.603
YGR246C,0.254
YAL042W,-0.068
YMR272C,-0.465
YDR011W,0.037
YLR293C,-0.242
YCR032W,0.097
YGL214W,0.109
YCR105W,-0.097
YBL022C,0.090
YJR110W,-0.016
YAL043C,0.066
YHR214W-A,0.136
YHR152W,0.149
YNL009W,0.854
YGR173W,0.060
YOR230W,-0.204
YGL142C,-0.122
YOR303W,-0.127
YBR127C,-0.131
YJR111C,-0.085
YLR366W,0.000
YLR439W,0.185
YHR080C,0.026
YHR153C,-0.482
YGR174C,0.027
YIL100W,-0.112
YMR273C,0.147
YLR294C,0.238
YDR012W,-0.217
YCR033W,0.194
YGL215W,0.089
YCR106W,-0.339
YBR054W,-1.041
YCL002C,-0.153
YNL220W,-0.392
YAR075W,-0.159
YBL023C,0.018
YAL044C,0.032
YIL101C,-0.000
YGR247W,0.142
YGL070C,-0.077
YGL143C,0.069
YOR231W,-0.040
YOR304W,0.127
YBR055C,0.057
YBR128C,-0.113
YNL221C,-0.023
YLR367W,0.177
YGR175C,-0.018
YMR274C,-0.087
YLR295C,0.276
YDR013W,-0.204
YGL216W,0.114
YCR034W,-0.062
YCR107W,-0.256
YJR112W,0.233
YAL045C,-0.261
YHR081W,0.135
YHR154W,-0.099
YIL102C,-0.285
YHL050C,-0.002
YGR248W,-0.653
YOR232W,0.008
YGL144C,-0.238
YCR035C,0.186
YOR305W,0.085
YGL217C,-0.190
YBR129C,0.030
YJR113C,0.083
YLR368W,0.096
YHR082C,-0.077
YBL024W,0.068
YOR306C,-0.713
YMR275C,-0.019
YGL071W,0.450
YDR014W,0.173
YBR056W,-0.101
YJR040W,-0.012
YNL222W,0.059
YAL046C,0.064
YIL030C,-0.050
YHR155W,0.077
YGR176W,-0.385
YDR015C,-0.028
YOR160W,-0.073
YGL072C,-0.131
YGR249W,-0.122
YOR233W,0.096
YBR057C,0.110
YJR041C,-0.137
YLR296W,-0.000
YLR369W,-0.023
YHR156C,-0.107
YCL004W,-0.299
YGR177C,-0.363
YBL025W,-0.058
YOR161C,-0.407
YOR234C,-0.384
YOR307C,0.062
YIL103W,0.133
YGL145W,0.196
YGL218W,-0.194
YCR036W,-0.096
YKR020W,0.163
YNL150W,0.108
YNL223W,-0.034
YJR114W,0.089
YJL010C,0.095
YAL047C,0.096
YHR083W,-0.170
YIL104C,0.099
YPR140W,0.117
YDR016C,-0.144
YGL146C,0.504
YCR037C,0.270
YGL219C,0.137
YNL151C,0.232
YBR058C,0.110
YNL224C,0.147
YMR276W,-0.029
YLR297W,-0.537
YPR141C,0.299
YCL005W,0.008
YGR178C,0.114
YOR162C,0.381
YBL026W,-0.032
YOR308C,0.335
YIL031W,0.014
YLR298C,0.194
YGL073W,0.104
YOL130W,-0.028
YKR021W,-0.088
YCL006C,-0.287
YJR115W,-0.134
YJL011C,0.017
YDR300C,-0.118
YAL048C,-0.024
YIL032C,-0.158
YHR084W,-0.109
YIL105C,0.196
YHR157W,-0.504
YDR017C,0.304
YPL110C,0.013
YGL074C,-0.147
YLR001C,-0.049
YGL147C,-0.377
YCR038C,-0.089
YKR022C,0.159
YBR059C,-0.054
YNL225C,0.389
YJR043C,0.110
YMR277W,0.118
YHR158C,0.164
YPR142C,0.275
YGR179C,0.199
YOR090C,0.055
YBL027W,-0.189
YOR309C,0.035
YOL131W,-0.445
YNL152W,0.082
YCL007C,-0.182
YBL028C,0.097
YJR116W,-0.150
YJL012C,0.212
YAL049C,-0.352
YHR085W,0.116
YIL033C,-0.119
YBR270C,-0.020
YDR018C,0.127
YGL075C,-0.147
YOR163W,-0.064
YLR002C,0.052
YOR236W,0.084
YCR039C,0.102
YNL080C,0.094
YNL153C,0.050
YJR044C,0.049
YMR278W,-0.240
YLR299W,-0.041
YOR164C,-0.146
YDR301W,0.051
YIL106W,-0.025
YMR279C,-0.096
YPL111W,0.186
YGL148W,-0.281
YOL132W,0.155
YKR023W,0.293
YCL008C,-0.032
YNL226W,-0.214
YJR117W,-0.015
YJL013C,-0.072
YHR086W,-0.152
YIL034C,-0.160
YPR070W,0.058
YIL107C,0.127
YHR159W,-0.211
YPR143W,0.452
YOR091W,0.408
YPL112C,0.391
YGL076C,-0.232
YDR019C,-0.234
YOL060C,-0.034
YLR003C,-0.028
YOR237W,-0.297
YKR024C,0.215
YNL081C,0.046
YNL154C,-0.013
YNL227C,0.336
YJR045C,-0.119
YJR118C,-0.060
YPR144C,0.179
YDR302W,0.003
YBR271W,0.066
YGL149W,0.135
YOL133W,0.019
YCL009C,-0.226
YDR303C,0.030
YIL035C,0.042
YHR087W,-0.701
YPR071W,-0.143
YBR272C,0.012
YPL040C,0.442
YOR092W,0.004
YPL113C,0.356
YOR165W,0.102
YGL077C,-0.169
YLR004C,-0.045
YOR238W,-0.352
YOL134C,-0.138
YJR119C,0.047
YOR093C,0.132
YOR166C,0.153
YJL014W,0.139
YIL108W,-0.210
YOL061W,-0.161
YNL082W,0.457
YKR025W,0.085
YNL155W,0.059
YJR046W,0.245
YNL228W,-0.007
YDR231C,0.166
YJL015C,-0.657
YDR304C,-0.252
YHR088W,0.434
YPR072W,0.141
YIL109C,-0.138
YBR273C,0.132
YPR145W,-0.195
YPL041C,-0.187
YGL078C,-0.017
YOR239W,0.021
YOL062C,-0.104
YOL135C,0.086
YKR026C,-0.154
YNL156C,0.023
YNL229C,0.214
YJR047C,0.093
YHR089C,0.004
YPR073C,0.025
YPR146C,-0.264
YOR167C,-0.374
YDL200C,0.238
YIL036W,0.059
YPL114W,0.227
YLR005W,0.251
YNL083W,0.028
YDR305C,0.076
YIL037C,-0.115
YOR094W,0.194
YPL042C,0.059
YPL115C,0.001
YOL063C,-0.101
YLR006C,-0.204
YOL136C,-0.646
YNL084C,0.103
YPR074C,-0.184
YPR147C,-0.243
YOR095C,0.299
YDR232W,0.173
YJL016W,-0.483
YBR274W,-0.045
YGL079W,-0.065
YKR027W,-0.124
YNL157W,0.046
YJR048W,0.216
YDR233C,-0.127
YDR306C,0.131
YIL038C,0.043
YBR275C,0.248
YOR168W,-0.116
YOL064C,-0.297
YDL201W,0.099
YJR049C,0.246
YPR075C,0.238
YPR148C,0.172
YOR169C,-0.157
YDR160W,-0.096
YJL017W,-0.479
YPL043W,0.227
YPL116W,0.052
YLR007W,-0.040
YOL137W,0.060
YKR028W,-0.015
YNL085W,-0.147
YNL158W,-0.004
YBR276C,0.029
YPL044C,0.331
YOR096W,-0.457
YPL117C,0.142
YOL065C,0.141
YLR008C,0.096
YOL138C,0.186
YKR029C,0.300
YDL202W,0.143
YNL159C,-0.124
YER140W,0.033
YOR097C,-0.192
YDR161W,0.005
YDR234W,-0.018
YJL018W,0.028
YDR307W,-0.090
YDL203C,0.015
YIL039W,-0.122
YNL086W,0.107
YDR162C,0.268
YOR380W,-0.215
YDR308C,0.134
YPR076W,0.043
YBR277C,-0.138
YPR149W,-0.127
YOL066C,0.230
YDL130W,-0.300
YOL139C,-0.217
YPR077C,-0.689
YER141W,-0.083
YOR098C,0.237
YJL019W,0.159
YDR235W,-0.049
YPL045W,0.171
YPL118W,0.260
YLR009W,0.375
YNL087W,-0.331
YER142C,0.343
YDR090C,0.052
YOR381W,-0.107
YDR236C,-0.274
YDR309C,-0.427
YPL119C,0.112
YOL067C,0.081
YDL131W,0.158
YDL204W,-0.726
YGR100W,0.096
YPR078C,-0.047
YDR163W,0.209
YLR220W,0.023
YDL205C,-0.126
YBR278W,0.090
YDR520C,-0.011
YNL088W,0.416
YDR091C,-0.121
YDR164C,0.024
YOR382W,0.802
YLR221C,0.370
YOR099W,-0.177
YAR002W,0.123
YOL068C,0.044
YDL132W,0.147
YNL089C,-0.087
YKL210W,0.078
YOR383C,0.779
YGR101W,0.050
YER070W,0.011
YER143W,0.282
YDR237W,0.019
YBR279W,0.302
YKL211C,-0.183
YGR102C,0.048
YFR050C,-0.047
YER071C,-0.148
YER144C,-0.050
YMR201C,0.202
YDR238C,-0.056
YLR222C,0.196
YPR079W,-0.007
YDL060W,0.076
YAR003W,-0.075
YDL133W,0.027
YDL206W,-0.153
YDR521W,-0.369
YDR092W,0.013
YDR165W,-0.061
YDL061C,-0.335
YDL134C,-0.096
YGR030C,0.261
YPL048W,-0.246
YJL160C,-0.183
YOL069W,0.068
YFR051C,-0.100
YDR522C,-0.126
YER145C,0.647
YDR166C,0.192
YOR384W,0.130
YDR239C,0.007
YLR223C,0.476
YPL049C,-0.041
YEL040W,-0.288
YDL207W,0.145
YKL212W,-0.173
YGR103W,0.092
YER072W,-0.106
YFL020C,-0.131
YDR093W,0.001
YMR202W,-0.009
YLR150W,0.231
YDL135C,0.208
YKL213C,0.009
YGR104C,0.021
YDR523C,-0.218
YLR151C,0.280
YOR385W,-0.153
YEL041W,0.211
YDL062W,0.162
YDL208W,0.002
YHR010W,-0.294
YKL140W,-0.229
YGR031W,0.216
YJL161W,-0.448
YFR052W,0.025
YDR450W,-0.321
YER073W,0.183
YER146W,-0.163
YMR130W,-0.061
YDR167W,0.246
YPL260W,0.142
YMR203W,-0.066
YDL063C,0.093
YLR224W,0.103
YDL209C,0.265
YKL214C,0.053
YJL162C,0.129
YDR451C,0.008
YFR053C,-0.577
YDR524C,-0.075
YER147C,0.164
YMR131C,0.292
YDR095C,0.012
YPL261C,0.154
YMR204C,-0.103
YLR152C,0.325
YOR386W,-0.031
YLR225C,-0.078
YFL021W,-0.103
YEL042W,0.063
YDL136W,-0.248
YHR011W,0.013
YKL141W,0.118
YGR032W,0.077
YOR387C,-0.035
YGR105W,-0.120
YGL001C,-0.274
YER074W,-0.262
YFL022C,-0.125
YDR168W,0.011
YAR007C,0.200
YGR033C,0.110
YJL090C,0.098
YKL215C,0.057
YGR106C,-0.199
YJL163C,-0.186
YFR054C,-0.151
YER075C,0.272
YDR169C,0.165
YMR205C,-0.391
YLR153C,-0.042
YEL043W,0.122
YDL064W,-0.091
YML100W,-0.508
YDL137W,-0.073
YHR012W,-0.078
YKL142W,0.205
YOR388C,1.715
YDR452W,0.008
YDR525W,-0.058
YER148W,0.014
YDR096W,-0.009
YPL262W,0.369
YLR080W,-0.027
YDL065C,0.255
YML101C,0.000
YLR226W,0.260
YHR013C,-0.019
YJL091C,-0.119
YJL164C,-0.192
YDR453C,-0.263
YDR526C,0.062
YER076C,-0.342
YMR060C,0.296
YER149C,0.167
YDR097C,0.304
YPL190C,0.146
YPL263C,0.019
YLR154C,-0.013
YLR227C,0.054
YGL002W,-0.099
YFL023W,0.264
YEL044W,-0.190
YAR008W,0.263
YDL138W,0.000
YKL070W,-0.301
YKL143W,0.273
YKL216W,-0.781
YGR034W,-0.271
YDR380W,0.593
YGR107W,-0.280
YGL003C,-0.039
YFR055W,-0.180
YFL024C,0.069
YEL045C,0.007
YMR133W,-0.208
YMR206W,0.196
YLR081W,0.176
YAR009C,-0.228
YDL139C,0.172
YLL050C,-0.208
YKL144C,0.280
YGR035C,0.053
YJL165C,0.070
YFR056C,-0.183
YDR454C,-0.247
YER077C,0.137
YDR098C,-0.013
YPL191C,-0.101
YLR082C,0.141
YPL264C,-0.058
YOR389W,0.215
YLR155C,-0.068
YLR228C,-0.046
YML102W,0.297
YDL066W,0.050
YKL071W,-0.167
YHR014W,-0.214
YKL217W,1.512
YJL092W,0.193
YDR381W,-0.026
YGR108W,-0.250
YGL004C,-0.018
YDR527W,0.316
YNR040W,-0.014
YFL025C,-0.107
YMR061W,-0.000
YMR134W,0.232
YEL046C,0.163
YDL067C,0.103
YML103C,-0.168
YLL051C,-0.096
YJL093C,-0.007
YKL218C,-0.518
YGR036C,-0.200
YOR020C,-0.076
YGR109C,-0.747
YDR455C,0.099
YNR041C,-0.113
YER078C,0.032
YMR062C,-0.387
YPL192C,0.401
YMR135C,0.140
YLR083C,-0.000
YLR229C,-0.074
YML030W,0.199
YHR015W,-0.166
YKL072W,-0.101
YKL145W,0.146
YJL166W,-0.004
YDR382W,-0.218
YFR057W,0.410
YGL005C,0.211
YDR528W,-0.104
YDR099W,-0.034
YEL047C,-0.284
YPL265W,0.829
YMR208W,-0.072
YLR156W,0.237
YML104C,0.138
YLL052C,-0.372
YHR016C,-0.280
YJL094C,0.018
YGR037C,-0.174
YDR383C,0.060
YOR021C,-0.046
YLR440C,0.153
YDR529C,0.130
YBR200W,0.211
YMR209C,0.097
YLR084C,-0.072
YLR157C,-0.056
YFL026W,-0.653
YNL010W,-0.352
YML031W,0.087
YDL068W,0.086
YKL073W,-0.298
YKL146W,0.240
YKL219W,-0.202
YJL167W,0.014
YDR456W,-0.028
YNR042W,-0.055
YFL027C,0.059
YER079W,-0.174
YNL011C,-0.242
YMR063W,-0.196
YPL193W,0.386
YMR136W,0.065
YEL048C,-0.412
YML032C,0.199
YPL266W,0.127
YDL069C,0.012
YML105C,-0.270
YKL074C,0.002
YKL147C,0.189
YDR384C,1.221
YJL168C,0.130
YOR022C,0.099
YLR441C,0.040
YMR137C,0.143
YLR085C,0.074
YBR201W,-0.174
YLR158C,-0.043
YGL006W,-0.057
YHR017W,-0.131
YPR001W,1.077
YJL095W,0.113
YGR038W,-0.101
YDR457W,-0.044
YNR043W,-0.111
YFL028C,-0.108
YMR064W,0.170
YPL194W,0.222
YPL267W,0.334
YLL054C,-0.264
YKL075C,0.164
YHR018C,-0.689
YKL148C,0.395
YOR023C,0.125
YDR458C,0.347
YLR442C,0.118
YBR202W,0.054
YGL007W,-0.157
YNL012W,0.002
YEL049W,-0.139
YML106W,0.269
YPR002W,1.569
YBR130C,0.069
YJL096W,0.042
YGR039W,-0.237
YDR385W,-0.193
YJL169W,-0.127
YGL008C,-0.352
YNR044W,-0.174
YFL029C,0.040
YMR065W,-0.051
YNL013C,-0.280
YMR138W,0.414
YPL195W,0.038
YLR086W,0.313
YPL268W,0.130
YGR250C,-0.058
YML107C,0.100
YLR159W,0.268
YKL076C,0.079
YHR019C,-0.309
YKL149C,0.335
YPR003C,-0.229
YLR370C,-0.188
YDR459C,-0.127
YLR087C,0.075
YBR203W,-0.086
YML034W,0.139
YLL055W,0.026
YBR204C,-0.079
YJL097W,-0.039
YDR386W,0.165
YOR024W,0.178
YGL009C,0.188
YNR045W,0.119
YLR443W,-0.187
YMR066W,0.040
YMR139W,-0.038
YPL196W,-0.069
YML035C,0.024
YPL269W,0.060
YLL056C,-0.200
YPR004C,-0.153
YDR387C,-0.309
YLR444C,0.000
YMR067C,0.111
YBR131W,0.263
YBL100C,0.280
YNL014W,-0.325
YGR251W,0.188
YML108W,0.270
YKL077W,-0.011
YBR132C,0.315
YJL098W,0.331
YOR025W,-0.108
YLR371W,0.011
YNR046W,-0.057
YLR088W,-0.099
YLL057C,-0.071
YPR005C,-0.095
YGL220W,-0.226
YBR205W,-0.044
YLR089C,-0.073
YBL101C,-0.245
YNL015W,0.242
YGR252W,0.203
YML036W,-0.095
YML109W,0.735
YGL221C,-0.014
YKL078W,0.180
YBR060C,0.160
YBR133C,-0.050
YJL099W,-0.010
YOR026W,0.120
YDR388W,-0.086
YLR372W,-0.241
YLR445W,-0.377
YNR047W,0.012
YMR068W,-0.210
YPL198W,-0.286
YGR180C,-0.180
YML037C,-0.052
YGR253C,0.129
YOR310C,-0.073
YPR006C,0.697
YLR373C,-0.076
YPL199C,0.071
YBR206W,-0.125
YNL016W,0.014
YLL058W,-0.081
YGL222C,0.000
YKL079W,0.145
YBR061C,-0.021
YOR027W,0.321
YDR389W,0.110
YNR048W,0.155
YLR446W,-0.298
YHR160C,-0.078
YNL017C,-0.001
YMR069W,-0.089
YER119C-A,-0.079
YML038C,-0.017
YBL102W,-0.046
YOR311C,-0.220
YLL059C,0.058
YMR280C,0.277
YPR007C,0.200
YOR028C,-0.424
YLR374C,-0.245
YLR447C,-0.334
YCR040W,-0.521
YNR049C,0.022
YBR134W,-0.085
YBL030C,0.199
YBR207W,0.197
YNL300W,0.008
YBL103C,0.090
YGR181W,-0.122
YGR254W,-0.737
YDR020C,-0.185
YGL150C,-0.024
YGL223C,-0.016
YBR062C,0.072
YNL301C,-0.379
YBR208C,-0.056
YHR161C,0.093
YNL018C,0.302
YGR182C,-0.124
YGR255C,-0.140
YOR312C,-0.371
YAL051W,-0.129
YCR041W,-0.276
YCL010C,0.162
YBR135W,0.108
YBL104C,0.207
YGL224C,-0.168
YCR042C,-0.096
YBR063C,0.012
YPR008W,0.215
YMR281W,-0.166
YOR029W,-0.068
YLR375W,-0.100
YLR448W,-0.370
YNL019C,-0.131
YGR183C,-0.075
YBL031W,0.209
YOR313C,0.208
YMR282C,0.053
YDR021W,-0.141
YLR376C,-0.192
YGL151W,-0.112
YCL011C,-0.040
YBR136W,-0.018
YBR209W,-0.081
YJR120W,-0.120
YBL105C,0.126
YHR162W,-0.316
YGR256W,-0.089
YDR022C,-0.020
YOR240W,-0.067
YGL152C,-0.103
YCR043C,-0.211
YKR100C,-0.019
YPR009W,0.141
YNL230C,-0.100
YHR090C,0.410
YLR449W,-0.040
YGR184C,0.002
YGR257C,-0.129
YBL032W,-0.057
YAL053W,-0.217
YIL110W,-0.051
YMR283C,-0.102
YER001W,-0.227
YLR377C,0.873
YGL225W,-0.203
YBR064W,-0.046
YBR137W,0.064
YBL033C,0.212
YNL303W,-0.439
YJR121W,0.008
YBL106C,0.226
YAL054C,1.398
YHR163W,-0.038
YOR241W,-0.109
YCR044C,-0.236
YOR314W,0.005
YBR065C,-0.027
YBR138C,0.080
YNL231C,0.071
YHR091C,0.098
YHR164C,0.139
YCL012W,0.011
YGR185C,-0.141
YGR258C,0.148
YOR242C,0.160
YIL111W,-0.449
YER002W,0.349
YGL080W,0.199
YDR023W,-0.003
YGL153W,0.242
YLR378C,-0.059
YGL226W,-0.016
YKR101W,0.109
YBL034C,0.107
YNL304W,0.050
YJR122W,0.081
YBL107C,0.115
YER003C,-0.118
YGL154C,-0.048
YCR045C,-0.353
YOR315W,0.066
YBR066C,-0.080
YMR284W,-0.188
YNL305C,-0.076
YHR092C,0.335
YHR165C,0.144
YGR259C,0.042
YOR243C,-0.302
YOR316C,0.154
YAL055W,0.033
YIL112W,0.004
YMR285C,0.051
YDR024W,-0.236
YGL081W,0.093
YGL227W,0.050
YKR102W,0.192
YJR050W,0.207
YNL232W,0.197
YBR139W,-0.157
YBL035C,0.197
YJR123W,-0.289
YGR186W,0.240
YOR170W,-0.072
YCR046C,-0.195
YJR124C,-0.176
YLR379W,-0.000
YHR166C,0.192
YCL014W,0.130
YGR187C,0.283
YOR171C,0.022
YBL108W,-0.175
YAL056W,0.065
YIL040W,-0.064
YIL113W,-0.236
YER004W,0.137
YDR025W,-0.305
YGL082W,-0.010
YGL155W,-0.113
YGL228W,0.110
YKR030W,-0.052
YKR103W,0.360
YNL160W,-1.598
YNL233W,0.215
YJR051W,-0.124
YNL306W,0.053
YBL036C,0.101
YJL020C,0.102
YHR093W,-0.144
YIL114C,-0.033
YPR150W,0.060
YDR026C,0.196
YOR244W,0.302
YLR010C,0.496
YCR047C,0.215
YGL229C,-0.521
YOR317W,-0.009
YKR031C,0.070
YBR068C,-0.007
YMR286W,0.018
YJR125C,0.105
YNL307C,-0.046
YHR094C,0.311
YPR151C,0.372
YGR188C,0.360
YOR245C,-0.044
YOR318C,-0.168
YIL041W,-0.020
YMR287C,0.252
YER005W,0.014
YGL083W,-0.206
YGL156W,0.138
YOL140W,-0.057
YKR104W,-0.016
YCL016C,-0.006
YNL161W,0.058
YNL234W,-0.024
YJR052W,0.030
YJL021C,-0.046
YDR310C,0.071
YIL042C,-0.035
YIL115C,0.103
YHR167W,-0.064
YOR172W,-0.092
YGL084C,-0.093
YDR027C,0.063
YBR069C,0.586
YKR105C,-0.089
YNL235C,-0.193
YNL308C,0.328
YJR126C,0.045
YPR152C,0.212
YGR189C,-0.328
YBL037W,0.094
YOR246C,-0.084
YAL058W,-0.063
YER006W,0.011
YPL120W,0.263
YGL157W,-0.243
YLR011W,0.008
YOL141W,0.375
YCR048W,-0.194
YKR032W,-0.000
YNL162W,-0.291
YCL017C,-0.026
YJR053W,0.210
YKL001C,-0.152
YIL043C,-0.176
YHR095W,-0.399
YHR168W,-0.412
YBR280C,-0.146
YDR028C,0.164
YOR173W,-0.166
YPL121C,-0.313
YLR012C,0.105
YOR319W,0.102
YCR049C,-0.393
YKR033C,-0.520
YNL163C,-0.106
YMR288W,0.241
YJR127C,-0.046
YHR096C,0.233
YBL038W,0.152
YJL022W,0.195
YDR311W,0.098
YAL059W,0.048
YIL116W,-0.355
YER007W,-0.055
YGL085W,-0.152
YGL158W,-0.326
YOL142W,0.056
YNL090W,0.062
YKR106W,0.000
YNL236W,-0.146
YJR054W,-0.134
YNL309W,0.028
YBL039C,0.063
YJL023C,0.045
YIL044C,0.013
YIL117C,-0.520
YPR080W,-0.138
YHR169W,-0.048
YER008C,0.133
YPR153W,-0.196
YBR281C,-0.118
YOR174W,0.009
YPL122C,0.040
YOL070C,0.147
YOR247W,-0.145
YOL143C,-0.302
YNL164C,0.272
YHR097C,-0.060
YPR081C,0.062
YCL018W,-0.964
YKL002W,0.057
YOR175C,-0.307
YDR312W,0.368
YCR073W-A,-0.066
YGL086W,-0.022
YDR029W,0.030
YLR013W,0.220
YGL159W,-0.199
YNL091W,0.288
YKR034W,-0.181
YNL237W,0.134
YJR055W,0.113
YKL003C,0.042
YJR128W,-0.292
YJL024C,-0.066
YDR240C,0.070
YDR313C,0.102
YPR154W,-0.165
YPL050C,0.080
YPL123C,-0.193
YGL087C,-0.018
YLR014C,-0.001
YOR248W,-0.084
YKR035C,0.247
YJR056C,0.364
YJR129C,-0.021
YHR098C,-0.179
YPR082C,0.014
YPR155C,0.276
YOR249C,-0.004
YIL045W,-0.078
YIL118W,-0.036
YER009W,-0.245
YBR282W,0.096
YOL071W,0.027
YOL144W,0.180
YNL092W,-0.314
YNL165W,0.126
YNL238W,-0.107
YDR314C,0.149
YIL119C,-0.538
YBR283C,-0.077
YOR176W,-0.163
YOL145C,-0.046
YKR036C,0.063
YNL166C,0.327
YPR156C,-0.288
YKL004W,0.026
YOR177C,0.428
YDR241W,-0.141
YJL025W,-0.162
YIL046W,0.323
YPL051W,0.035
YGL088W,-0.286
YPL124W,0.047
YLR015W,0.299
YOL072W,0.030
YNL093W,-0.231
YNL239W,0.388
YKL005C,0.231
YJR057W,0.013
YDR315C,-0.170
YIL047C,0.014
YPR083W,0.281
YGL089C,-0.027
YOL073C,-0.091
YLR016C,-0.080
YDL210W,-0.021
YKR037C,0.047
YNL167C,0.095
YJR058C,-0.120
YOR178C,-0.137
YJL026W,-0.208
YER060W-A,-0.153
YDR242W,0.004
YDL211C,-0.082
YBR284W,-0.023
YPL052W,0.174
YPL125W,0.133
YOL146W,0.029
YNL094W,-0.031
YDR170C,0.066
YDR243C,0.036
YJL027C,-0.017
YPR084W,-0.122
YPR157W,-0.463
YPL053C,0.092
YOL147C,0.608
YNL095C,-0.115
YKR038C,0.026
YNL168C,-0.107
YPR085C,0.033
YKL006W,-0.333
YOR179C,0.120
YDR316W,0.229
YLR300W,-0.254
YIL048W,-0.093
YBR285W,-0.021
YPL126W,0.058
YLR017W,0.018
YJR059W,-0.126
YPR158W,-0.081
YPL127C,0.180
YLR018C,0.171
YOL075C,-0.072
YOL148C,0.161
YNL096C,-0.286
YDL212W,-0.108
YNL169C,-0.149
YER150W,-1.110
YKL007W,-0.086
YDR171W,-0.310
YDR244W,0.369
YJL028W,-0.120
YDR317W,-0.412
YDL140C,-0.094
YDL213C,0.149
YIL049W,-0.125
YLR301W,0.049
YBR286W,-0.118
YPL054W,0.491
YKR039W,0.479
YER151C,0.205
YKL008C,-0.379
YOR390W,-0.114
YJL029C,0.042
YLR302C,0.251
YPR086W,0.096
YPR159W,-0.219
YPL055C,0.123
YPL128C,0.078
YNL097C,0.041
YOR391C,-0.126
YDR172W,0.116
YDR245W,0.174
YDR318W,0.174
YDL214C,0.005
YBR287W,-0.268
YLR019W,-0.194
YOL076W,-0.026
YOL149W,0.228
YER152C,-0.062
YDR173C,0.078
YDR319C,-0.166
YPR087W,0.033
YBR288C,-0.139
YPL056C,0.006
YOL077C,0.404
YDL141W,0.195
YNL098C,0.050
YGR110W,0.382
YPR088C,0.011
YKL009W,0.213
YDR246W,0.152
YDL142C,-0.051
YDL215C,0.485
YLR303W,-0.464
YKL220C,-0.175
YPL129W,0.162
YDR530C,-0.091
YER153C,-0.162
YOR392W,0.219
YLR231C,-0.349
YLR304C,0.080
YPL057C,0.020
YNL099C,0.059
YGR111W,0.070
YER080W,0.157
YDR174W,-0.314
YMR210W,-0.102
YDR247W,-0.203
YDL216C,0.009
YBR289W,0.141
YOL078W,0.159
YDR175C,0.148
YDR248C,0.037
YOR393W,-0.466
YLR305C,-0.049
YPR089W,0.158
YPL058C,0.140
YDL070W,-0.021
YDL143W,0.038
YKL221W,0.087
YGR112W,0.019
YDR531W,0.018
YER081W,-0.568
YER154W,0.043
YEL050C,0.060
YMR211W,0.126
YDL071C,-0.200
YAR014C,0.102
YDL144C,0.088
YLR232W,-0.050
YDL217C,0.113
YKL222C,-0.088
YJL170C,-0.459
YOL079W,-0.711
YDR532C,0.305
YER082C,-0.041
YER155C,-0.060
YMR212C,-0.004
YDR249C,-0.158
YOR394W,-0.097
YLR160C,-0.059
YLR233C,-0.031
YGR040W,-0.145
YGR113W,0.166
YDR176W,0.254
YDL072C,-0.178
YDL145C,-0.160
YLR306W,-0.160
YPL059W,-0.096
YGR114C,0.115
YJL171C,-0.591
YDR533C,-0.817
YER083C,-0.089
YER156C,-0.137
YFL030W,0.460
YEL051W,0.066
YAR015W,-0.419
YDL218W,0.171
YHR020W,-0.121
YKL150W,0.052
YKL223W,0.363
YGR041W,-0.023
YDR460W,0.182
YMR140W,0.065
YMR213W,0.217
YDR177W,0.248
YPL270W,0.048
YLR161W,0.278
YLR234W,0.127
YLR307W,0.269
YHR021C,-0.392
YKL151C,-0.141
YKL224C,-0.005
YGR115C,0.174
YDR534C,0.887
YMR141C,-0.000
YGL010W,-0.189
YFL031W,-0.463
YEL052W,-0.151
YDL073W,-0.264
YDL146W,-0.298
YDL219W,-0.093
YGR042W,0.099
YJL172W,0.057
YDR461W,-0.659
YGL011C,0.054
YER084W,-0.260
YER157W,-0.077
YEL053C,-0.092
YMR214W,0.100
YPL271W,-0.029
YDR178W,0.088
YDL074C,0.122
YML110C,-0.223
YLR162W,-0.318
YIR001C,0.069
YLR308W,-0.022
YHR022C,-0.318
YKL152C,0.119
YGR043C,-0.140
YJL173C,0.064
YOR100C,0.734
YDR535C,-0.302
YER085C,-0.115
YER158C,-0.497
YMR142C,-0.434
YDR179C,0.012
YPL272C,0.006
YLR163C,0.165
YHR049C-A,-0.673
YLR309C,0.444
YFL032W,-0.082
YDL147W,0.173
YKL225W,-0.044
YGR116W,0.093
YDR462W,0.109
YFL033C,-0.074
YEL054C,-0.303
YLR090W,0.151
YMR215W,-0.021
YAR018C,-0.050
YDL148C,0.226
YIR002C,0.108
YGR044C,-0.217
YDR390C,-0.024
YGR117C,0.081
YER159C,0.213
YMR216C,0.018
YGL012W,-0.143
YDL075W,-0.218
YML111W,-0.053
YHR023W,0.213
YKL080W,-0.250
YKL153W,-0.698
YJL174W,-0.096
YDR463W,0.256
YGL013C,0.185
YOR101W,0.076
YDR536W,0.143
YER086W,-0.140
YMR070W,0.152
YEL055C,0.298
YMR143W,-0.466
YPL273W,-0.437
YLR091W,-0.169
YLR164W,-0.225
YDL076C,-0.053
YAR019C,0.003
YLL060C,-0.252
YLR237W,0.006
YHR024C,-0.061
YGR045C,-0.058
YDR391C,-0.435
YNR050C,0.223
YDR537C,-0.261
YMR071C,-0.170
YLR165C,0.276
YFL034W,0.124
YML112W,0.117
YIR003W,0.204
YDL149W,-0.043
YKL081W,-0.177
YKL154W,0.124
YJL175W,0.094
YGR118W,-0.253
YDR464W,0.703
YOR102W,-0.170
YER087W,-0.052
YMR144W,0.186
YPL274W,0.081
YLR092W,-0.262
YMR217W,-0.080
YDL077C,0.057
YLR238W,0.192
YKL082C,0.571
YKL155C,0.144
YJL176C,0.254
YGR119C,0.175
YOR103C,-0.191
YDR465C,-0.159
YNR051C,0.010
YER088C,-0.075
YMR145C,0.143
YMR218C,0.000
YLR093C,-0.149
YLR166C,0.071
YGL014W,-0.367
YLR239C,0.027
YEL056W,-0.018
YML113W,0.134
YLL061W,0.614
YIR004W,0.156
YHR025W,-0.256
YGR046W,0.158
YDR392W,0.276
YOR030W,-0.008
YGL015C,-0.265
YDR538W,-0.350
YNL020C,-0.130
YMR072W,-0.017
YEL057C,0.194
YPL275W,0.741
YML041C,0.094
YML114C,0.226
YDL078C,0.217
YLL062C,0.356
YPR010C,-0.129
YGR047C,0.255
YNR052C,0.074
YER089C,-0.248
YMR073C,-0.014
YMR146C,-0.050
YBR210W,-0.156
YLR094C,0.059
YFL036W,0.050
YIR005W,-0.125
YHR026W,-0.135
YKL156W,-0.265
YBR211C,0.092
YOR031W,-0.366
YJL177W,-0.364
YDR466W,0.621
YOR104W,-0.040
YLR450W,-0.251
YDR539W,-0.163
YPL276W,0.935
YDL079C,0.240
YLR167W,-0.254
YML115C,-0.022
YIR006C,-0.020
YLL063C,0.027
YHR027C,0.095
YPR011C,-0.030
YOR032C,-0.348
YJL178C,-0.136
YDR467C,-0.137
YNR053C,0.352
YMR074C,-0.220
YPL277C,0.193
YLR095C,0.141
YLR168C,-0.159
YGL016W,-0.090
YFL037W,0.023
YNL021W,0.125
YEL058W,-0.183
YML042W,-0.247
YKL084W,-0.195
YKL157W,-0.135
YGR048W,0.017
YDR394W,0.096
YOR105W,-0.109
YLR451W,-0.054
YFL038C,0.075
YNL022C,0.128
YMR147W,0.298
YML043C,0.274
YLL064C,-0.094
YHR028C,0.064
YOR033C,0.061
YDR468C,0.156
YNR054C,0.188
YLR452C,-0.507
YBR212W,0.230
YPL278C,0.074
YGL017W,0.056
YOL001W,-0.017
YEL059W,-0.133
YML116W,-0.223
YIR007W,0.028
YKL085W,0.017
YKL158W,0.021
YBR140C,0.033
YGR049W,-0.109
YJL179W,0.121
YDR395W,-0.119
YOR106W,0.187
YGL018C,0.017
YOL002C,-0.304
YFL039C,-0.160
YNL023C,0.227
YMR075W,0.085
YMR148W,0.034
YLR096W,0.083
YLR169W,0.032
YIR008C,0.109
YHR029C,-0.209
YKL159C,0.000
YPR013C,-0.080
YOR034C,-0.106
YNR055C,-0.183
YLR453C,-0.142
YBR213W,-0.439
YPL279C,-0.077
YLR097C,0.034
YGR260W,-0.045
YML117W,-0.260
YLL065W,-0.160
YBR141C,-0.028
YDR396W,0.053
YDR469W,0.053
YLR380W,-0.066
YOR107W,0.010
YOL003C,-0.146
YNL024C,-0.522
YMR149W,0.142
YGR261C,-0.312
YKL087C,0.050
YPR014C,0.032
YDR397C,0.107
YOR035C,0.038
YNR056C,-0.057
YMR077C,0.222
YBR214W,-0.238
YLR098C,-0.045
YGL019W,0.044
YML118W,0.113
YIR009W,-0.044
YGL230C,-0.377
YLR381W,-0.101
YOR108W,0.092
YLR454W,0.350
YNL025C,-0.272
YGR262C,-0.055
YPR015C,0.094
YLR382C,-0.317
YDR100W,-0.007
YNR057C,-0.123
YMR078C,0.138
YBR142W,0.102
YBR215W,0.186
YLR099C,-0.057
YOL004W,0.129
YML046W,-0.092
YML119W,-0.028
YDR101C,0.050
YGL231C,-0.045
YKL088W,0.241
YBR070C,0.093
YBR143C,-0.070
YBR216C,0.072
YDR398W,0.221
YOR036W,0.071
YOR109W,-0.119
YLR455W,0.106
YOL005C,-0.194
YGR190C,-0.117
YGR263C,-0.130
YML047C,-0.117
YOR320C,0.000
YPR016C,0.101
YNL026W,0.045
YDR102C,-0.581
YCR050C,-0.191
YKL089W,0.226
YBR144C,-0.041
YNL310C,0.000
YOR037W,-0.119
YDR399W,0.006
YLR383W,0.417
YOL006C,0.377
YLR456W,-0.264
YNR058W,-0.129
YMR079W,-0.192
YGR264C,-0.229
YAL060W,-0.048
YMR290C,0.212
YPR017C,-0.022
YOR038C,0.494
YLR384C,-0.007
YGL232W,0.178
YLR457C,0.108
YBR071W,0.005
YBR217W,0.088
YBL040C,-0.167
YHR170W,0.212
YNL027W,0.076
YGR191W,-0.129
YDR030C,0.579
YML048W,0.082
YOR321W,-0.250
YNL311C,-0.055
YBR218C,0.058
YNR059W,-0.415
YOL007C,-0.042
YGR192C,-0.570
YML049C,0.081
YOR322C,0.044
YAL061W,0.022
YLR385C,-0.241
YGL160W,-0.084
YDR103W,-0.068
YCR051W,0.105
YGL233W,0.071
YBR072W,-1.232
YBR145W,-0.228
YHR171W,-0.134
YNL028W,-0.340
YER010C,-0.149
YGR265W,-0.196
YDR104C,0.365
YGL161C,-0.070
YPR018W,0.426
YMR291W,-0.363
YJR130C,0.080
YOR039W,-0.006
YNL029C,-0.032
YGR193C,0.165
YBL041W,0.092
YOR250C,-0.018
YAL062W,-0.148
YOR323C,-0.079
YDR031W,-0.010
YGL234W,-0.451
YCR052W,0.018
YBR073W,0.086
YBR146W,0.170
YNL312W,0.028
YBL042C,0.075
YAL063C,0.186
YOL008W,-0.189
YHR172W,0.182
YGR266W,0.317
YDR032C,0.113
YDR105C,-0.034
YNL240C,0.261
YMR292W,-0.021
YPR019W,0.052
YNL313C,0.269
YLR386W,0.015
YLR459W,-0.132
YOL009C,-0.061
YHR173C,-0.057
YGR194C,-0.256
YGR267C,-0.028
YOR251C,-0.236
YOR324C,0.183
YIL120W,-0.190
YER011W,-0.077
YMR293C,-0.106
YLR387C,0.193
YGL162W,-0.203
YCR053W,-0.129
YGL235W,-0.155
YBR074W,-0.114
YCL022C,0.035
YBR147W,0.072
YJR131W,0.027
YGL163C,0.159
YGL236C,-0.040
YCR054C,-0.052
YNL241C,0.001
YDL001W,0.198
YBL043W,0.489
YGR268C,-0.075
YAL064W,-0.178
YJL100W,0.080
YIL121W,-0.386
YER012W,0.137
YDR033W,-0.857
YGL090W,0.129
YDR106W,-0.102
YDL002C,0.279
YBR075W,-0.202
YCL023C,0.099
YBR148W,-0.058
YJR132W,0.130
YNL314W,0.150
YJL101C,-0.149
YHR174W,-0.816
YGR195W,0.115
YGL091C,0.165
YDR034C,0.095
YGL164C,0.271
YOR252W,0.198
YDR107C,-0.117
YGL237C,0.127
YOR325W,-0.030
YMR294W,0.326
YNL315C,-0.016
YLR388W,-0.000
YGR196C,0.187
YOR180C,0.136
YBL044W,-0.280
YIL122W,0.072
YER013W,0.082
YMR295C,-0.312
YPL200W,0.174
YLR389C,-0.114
YBR076W,-0.369
YJR060W,0.165
YBR149W,0.112
YNL242W,0.056
YBL045C,0.118
YJR133W,0.098
YHR175W,0.061
YGR269W,-0.023
YPL201C,2.058
YOR253W,-0.194
YGL165C,0.030
YOR326W,0.510
YKR040C,-0.288
YBR077C,-0.072
YJR134C,0.317
YNL316C,-0.037
YDL003W,0.297
YCL024W,0.121
YGR197C,0.226
YOR254C,-0.170
YAL066W,-0.037
YOR327C,0.249
YJL102W,0.259
YIL050W,0.173
YIL123W,-0.104
YMR296C,-0.087
YER014W,-0.020
YGL092W,0.098
YDR035W,-0.311
YDR108W,-0.009
YGL238W,0.014
YCL025C,0.099
YNL170W,-0.149
YJR061W,0.163
YNL243W,0.096
YJL103C,0.121
YAL067C,0.461
YIL051C,-0.185
YCR024C-A,-0.268
YHR176W,-0.175
YPR160W,-0.453
YDR036C,0.246
YOR181W,-0.091
YPL202C,0.237
YLR020C,-0.099
YDR109C,0.082
YCR057C,0.149
YOL150C,-0.252
YGL239C,-0.055
YNL171C,-0.257
YNL244C,-0.208
YJR062C,-0.092
YJR135C,0.128
YDL004W,0.109
YPR161C,0.052
YBL046W,0.192
YOR182C,-0.276
YJL030W,0.080
YIL124W,-0.026
YER015W,-0.181
YGL093W,0.161
YGL166W,-0.073
YDL005C,0.183
YKR041W,0.164
YBR078W,-0.227
YKL010C,-0.211
YNL317W,0.050
YBL047C,-0.024
YJL031C,0.101
YAL068C,-0.144
YDR320C,0.103
YIL052C,-0.258
YHR177W,-0.270
YGR198W,0.049
YEL059C-A,-0.015
YGL094C,-0.100
YGL167C,-0.143
YOR255W,-0.434
YOR328W,0.207
YBR079C,-0.005
YMR297W,-0.218
YNL318C,0.036
YJR136C,-0.116
YPR162C,0.075
YOR256C,0.037
YJL104W,0.201
YOR329C,0.045
YIL125W,0.114
YER016W,0.119
YDR037W,-0.317
YPL130W,-0.272
YLR021W,0.146
YPL203W,-0.058
YOL151W,-0.408
YKR042W,-0.036
YNL172W,0.370
YJR063W,-0.017
YKL011C,0.007
YHR178W,-0.018
YER017C,0.119
YGR199W,-0.081
YMR001C,0.088
YGL095C,0.100
YDR038C,0.100
YOR183W,-0.539
YLR022C,0.074
YCR059C,-0.145
YKR043C,0.146
YNL173C,0.206
YMR298W,-0.297
YJR137C,-0.096
YDL006W,-0.049
YCL027W,-0.332
YPR163C,-0.064
YBL048W,-0.442
YJL032W,-0.123
YDR321W,-0.450
YJL105W,-0.102
YAL069W,0.137
YIL053W,-0.664
YIL126W,0.227
YBR290W,0.147
YPL131W,-0.228
YPL204W,0.120
YGL168W,-0.372
YOL152W,0.762
YJR064W,-0.052
YNL246W,0.021
YNL319W,0.023
YHR179W,-0.565
YIL127C,0.023
YPR090W,0.071
YBR291C,0.242
YER018C,-0.088
YDR039C,0.115
YOR184W,-0.469
YLR023C,0.280
YOR257W,0.187
YOL080C,0.023
YPL205C,0.115
YJR065C,-0.118
YDL007W,0.042
YPR091C,-0.043
YCL028W,0.041
YKL012W,0.210
YBL049W,-0.241
YOR185C,-0.169
YJL033W,0.225
YDR322W,0.114
YJL106W,-0.302
YIL054W,-0.348
YMR002W,0.196
YGL096W,-0.259
YPL132W,0.007
YGL169W,0.081
YKR044W,-0.018
YNL174W,0.251
YCL029C,0.292
YKL013C,-0.204
YNL247W,-0.154
YJR138W,-0.008
YDR250C,0.253
YDR323C,0.164
YJL107C,-0.523
YIL055C,0.321
YBR292C,-0.255
YPR164W,0.000
YPL133C,0.198
YLR024C,-0.084
YPL206C,-0.090
YOR258W,-0.010
YKR045C,0.041
YNL175C,0.237
YNL248C,-0.064
YJR139C,-0.178
YDL008W,-0.082
YOR259C,0.223
YJL034W,-0.370
YIL128W,0.001
YER019W,-0.158
YMR003W,0.363
YPL060W,-0.084
YGL097W,0.160
YOL081W,-0.147
YDL009C,0.465
YOL154W,-0.197
YJR066W,-0.028
YKL014C,0.068
YJL035C,-0.212
YDR324C,0.220
YJL108C,-0.419
YPR092W,-0.163
YPR165W,-0.177
YPL134C,0.378
YOR186W,-0.230
YOL155C,0.155
YKR046C,0.267
YNL176C,0.017
YJR067C,0.097
YNL249C,-0.158
YPR093C,0.048
YPR166C,0.068
YDR251W,0.000
YIL056W,0.557
YDL220C,0.181
YBR293W,-0.149
YPL061W,1.423
YMR004W,0.245
YGL098W,-0.044
YLR025W,-0.063
YPL207W,-0.055
YOL082W,0.056
YIL057C,0.926
YOR187W,-0.112
YLR026C,0.175
YNL177C,0.131
YPR167C,-0.066
YKL015W,0.200
YDR252W,0.000
YJL036W,0.195
YDR325W,-0.007
YBR294W,0.327
YMR005W,0.218
YPL062W,-0.327
YPL135W,0.311
YGL099W,0.187
YOL083W,0.148
YPL208W,0.064
YOL156W,0.298
YKR047W,0.042
YKL016C,0.243
YJR068W,0.096
YDR253C,0.295
YDR326C,0.001
YLR310C,0.015
YPR094W,-0.050
YMR006C,0.030
YOR188W,0.242
YPL209C,0.366
YLR027C,-0.054
YOL157C,0.144
YDL221W,0.049
YKR048C,0.096
YJR069C,-0.078
YPR095C,0.071
YDR180W,0.049
YJL037W,0.034
YDL222C,-0.064
YIL058W,-0.081
YBR295W,-0.038
YPL063W,0.068
YPL136W,-0.338
YOL084W,0.320
YNL178W,-0.284
YKL017C,0.094
YDR181C,0.216
YJL038C,-0.201
YIL059C,-0.205
YLR311C,0.322
YBR296C,0.604
YPR168W,-0.026
YPL064C,0.096
YPL137C,-0.102
YOR189W,0.001
YLR028C,-0.176
YOL085C,0.068
YOL158C,-0.209
YKR049C,-0.267
YNL179C,0.047
YPR096C,-0.066
YAR020C,0.020
YDR254W,0.126
YDR327W,-0.069
YDL223C,0.366
YMR007W,-0.329
YER161C,0.173
YJL039C,0.112
YDR255C,0.001
YDR328C,0.053
YLR312C,0.644
YPR169W,0.072
YMR008C,-0.276
YPL138C,0.287
YLR029C,-0.154
YOL086C,-0.113
YDL150W,0.151
YOL159C,-0.242
YKL018W,0.015
YDR182W,-0.038
YDL151C,0.000
YDL224C,-0.099
YBR297W,0.394
YPL065W,0.073
YGR120C,0.063
YER162C,0.181
YDR256C,1.416
YDR329C,0.256
YLR313C,-0.076
YPR097W,0.035
YBR298C,0.000
YPL139C,0.195
YOL087C,-0.009
YPR098C,-0.288
YBR001C,0.230
YKL019W,-0.178
YDR183W,0.173
YLR240W,-0.011
YHR100C,-0.081
YPL066W,-0.017
YMR009W,-0.035
YGR121C,-0.032
YDR540C,-0.681
YER163C,-0.278
YDR184C,0.040
YDR257C,0.010
YLR314C,0.215
YPL067C,-0.082
YOL088C,0.283
YDL152W,0.240
YDL225W,0.114
YPR099C,0.048
YER090W,-0.067
YBR002C,-0.008
YMR220W,0.078
YDL080C,-0.252
YAR023C,-0.153
YDL153C,0.188
YLR241W,-0.233
YDL226C,-0.119
YBR299W,-0.109
YHR101C,-0.138
YDR541C,-0.154
YER091C,-0.621
YDR185C,-0.238
YMR221C,0.059
YDR258C,-0.075
YLR242C,-0.261
YPL068C,0.076
YOL089C,0.000
YGR122W,0.111
YER164W,0.176
YEL060C,-0.050
YDL081C,-0.429
YDL227C,0.174
YLR315W,-0.034
YGR050C,-0.169
YGR123C,-0.074
YJL180C,-0.013
YMR222C,-0.129
YDR186C,-0.016
YLR170C,0.107
YDR259C,0.121
YLR316C,-0.063
YAL034W-A,0.031
YBR003W,-0.162
YPL069C,-0.041
YDL154W,0.386
YHR102W,0.086
YER092W,-0.072
YER165W,0.163
YEL061C,0.133
YBR004C,-0.224
YLR243W,-0.117
YHR030C,-0.227
YGR051C,0.026
YDR470C,0.062
YDR543C,0.491
YER093C,0.100
YMR150C,-0.147
YLR244C,-0.136
YFL040W,-0.097
YDL082W,-0.381
YDL155W,0.183
YKL160W,-0.291
YHR103W,0.009
YGR124W,-0.187
YJL181W,-0.210
YGL020C,-0.008
YER166W,0.032
YPL280W,-0.283
YMR223W,-0.011
YLR171W,0.467
YDL083C,-0.405
YLR317W,-0.171
YHR031C,0.313
YKL161C,-0.198
YJL182C,-0.270
YDR544C,0.150
YOL052C-A,-0.303
YER094C,-0.065
YPL281C,-0.448
YMR224C,-0.062
YLR172C,-0.052
YLR245C,0.011
YFL041W,-0.126
YBR005W,-0.171
YEL062W,0.003
YDL156W,0.361
YIR010W,0.197
YHR104W,-0.464
YGR052W,-0.411
YGR125W,-0.009
YDR471W,-0.276
YFL042C,0.101
YER167W,-0.014
YMR151W,-0.234
YEL063C,0.047
YDR188W,-0.014
YML120C,0.166
YIR011C,0.175
YDL157C,-0.026
YKL006C-A,-0.103
YKL162C,0.058
YGR053C,-0.127
YER168C,0.066
YPL282C,-0.093
YMR225C,0.045
YGL021W,-0.151
YLR319C,0.071
YBR006W,-0.178
YAR027W,-0.228
YDL084W,-0.139
YHR032W,0.071
YHR105W,-0.245
YGR126W,-0.035
YJL183W,-0.049
YDR472W,-0.101
YOR110W,0.044
YER095W,0.015
YBR007C,-0.281
YMR152W,-0.101
YEL064C,-0.081
YDR189W,0.083
YLR173W,-0.062
YLR246W,-0.159
YDL158C,-0.087
YDR473C,0.404
YMR080C,-0.022
YHL001W,-0.363
YMR226C,-0.204
YPL283C,0.039
YLR247C,-0.243
YGL022W,0.008
YNL100W,0.237
YDL085W,0.310
YAR028W,-0.173
YML121W,0.038
YIR012W,0.012
YHR033W,0.115
YKL090W,-0.102
YKL163W,-0.344
YHR106W,-0.218
YGR054W,0.070
YGR127W,0.137
YJL184W,0.011
YGL023C,0.228
YOR111W,0.044
YER096W,0.002
YFL044C,-0.033
YER169W,0.082
YMR153W,0.187
YBR008C,-0.271
YLR174W,1.063
YML122C,0.249
YIR013C,-0.040
YKL091C,-0.234
YHR034C,-0.300
YHR107C,0.123
YKL164C,-0.218
YJL185C,0.190
YGR128C,0.030
YDR474C,0.000
YMR081C,-0.077
YMR154C,-0.083
YMR227C,0.249
YHL002W,0.054
YEL065W,0.932
YNL101W,0.016
YAR029W,0.026
YDL086W,-0.071
YDL159W,0.251
YGR055W,0.317
YHL003C,-0.145
YOR112W,-0.093
YNR060W,0.000
YFL045C,-0.307
YER097W,0.050
YBR009C,0.320
YML123C,0.283
YLR175W,0.038
YDL087C,-0.006
YLR248W,0.027
YKL092C,0.287
YER019C-A,-0.149
YKL165C,-0.263
YNR061C,-0.196
YMR082C,-0.227
YLR176C,-0.099
YGL024W,-0.174
YEL066W,0.210
YNL102W,-0.049
YML050W,0.013
YIR014W,-0.003
YHR035W,-0.122
YHR108W,-0.047
YGR056W,0.096
YBR220C,-0.018
YOR040W,0.397
YJL186W,0.113
YGR129W,-0.059
YOR113W,0.095
YGL025C,0.095
YER098W,0.095
YEL067C,0.212
YMR155W,-0.094
YMR228W,0.138
YML124C,-0.132
YDL088C,0.069
YLR249W,-0.390
YKL166C,-0.019
YGR057C,-0.017
YOR041C,0.164
YJL187C,0.136
YDR476C,-0.011
YNR062C,-0.321
YLR460C,-0.378
YER099C,-0.064
YMR156C,0.059
YMR229C,-0.188
YHL004W,0.037
YFL046W,0.074
YNL030W,0.237
YNL103W,0.162
YML051W,-0.070
YIR015W,0.006
YHR036W,-0.040
YKL093W,0.103
YPR020W,0.227
YHR109W,0.059
YBR221C,-0.112
YHL005C,-0.093
YGL026C,-0.253
YOR114W,0.236
YNL031C,0.106
YMR083W,-0.218
YNL104C,0.164
YEL068C,-0.091
YLR177W,-0.000
YML125C,-0.121
YPR021C,-0.144
YKL167C,-0.123
YJL188C,-0.235
YOR115C,0.013
YMR157C,-0.193
YLR178C,-0.532
YOL010W,0.383
YFL047W,-0.108
YML052W,-0.053
YDL089W,-0.094
YIR016W,-0.024
YHR037W,0.113
YKL094W,0.002
YHL006C,-0.090
YBR222C,-0.000
YGR058W,0.045
YOR042W,0.216
YGL027C,0.082
YDR477W,0.058
YNR063W,0.175
YLR461W,-0.118
YFL048C,-0.131
YMR084W,-0.378
YEL069C,0.127
YML053C,0.056
YML126C,-0.072
YIR017C,-0.135
YKL168C,-0.120
YPR022C,0.058
YOR116C,-0.014
YNR064C,0.242
YLR179C,-0.253
YOL011W,0.212
YNL032W,0.047
YNL105W,0.029
YHR038W,-0.007
YKL095W,0.030
YBR150C,-0.127
YHL007C,0.115
YGR059W,-0.156
YBR223C,-0.014
YJL189W,-0.279
YOR043W,-0.068
YGL028C,0.095
YDR478W,-0.038
YLR462W,-0.013
YOL012C,-0.009
YNL106C,0.085
YMR158W,0.094
YML054C,0.963
YHR039C,-0.208
YPR023C,0.224
YKL169C,0.021
YDR479C,-0.185
YHR079C-A,-0.222
YNR065C,-0.224
YLR463C,0.024
YMR159C,-0.144
YFL049W,0.170
YNL033W,-0.125
YGR270W,0.187
YML127W,-0.172
YIR018W,0.231
YKL096W,-0.290
YHL008C,0.020
YOR044W,-0.262
YLR390W,0.000
YOR117W,0.050
YOL013C,-0.096
YMR086W,0.024
YML128C,-0.546
YKL097C,0.061
YNR066C,-0.231
YBR151W,-0.166
YBR224W,-0.011
YGL029W,0.196
YNL034W,0.234
YNL107W,0.151
YML055W,-0.079
YGR271W,0.062
YPR024W,0.086
YHL009C,-0.116
YOR045W,-0.037
YOR118W,0.092
YMR087W,-0.210
YNL035C,-0.041
YNL108C,-0.191
YML056C,-0.212
YGR272C,0.097
YML129C,-0.028
YPR025C,0.118
YOR046C,-0.110
YDR110W,0.351
YLR392C,0.249
YOR119C,0.233
YNR067C,0.266
YLR465C,-0.264
YGL240W,-0.112
YMR088C,-0.037
YBR152W,0.063
YBR225W,0.040
YOL014W,-0.356
YDR111C,0.226
YBR080C,-0.194
YKL098W,-0.033
YGR273C,-0.152
YOR330C,0.132
YKL099C,0.234
YOR047C,0.179
YGL241W,-0.037
YNR068C,-0.443
YMR089C,0.022
YBR153W,0.001
YOL015W,0.097
YNL036W,0.998
YNL109W,-0.199
YML057W,-0.126
YGL242C,0.001
YBR081C,0.359
YBR154C,0.166
YPR026W,0.075
YBR227C,0.066
YLR393W,-0.089
YOL016C,-0.365
YLR466W,0.028
YNL037C,0.009
YGR274C,0.177
YOR331C,-0.134
YPR027C,0.001
YOR048C,0.117
YCR060W,-0.109
YNR069C,0.004
YNL320W,-0.138
YHR180W,-0.079
YDR040C,0.119
YML058W,-0.158
YDR113C,0.340
YGL170C,-0.203
YBR082C,-0.134
YLR394W,-0.038
YBL050W,-0.066
YML059C,-0.008
YOR049C,0.164
YLR395C,0.000
YGL243W,0.144
YCR061W,-0.085
YCL030C,-1.067
YBR155W,0.082
YBR228W,0.239
YNL321W,-0.037
YBL051C,-0.008
YOL017W,0.509
YHR181W,-0.121
YNL038W,-0.126
YGR275W,0.088
YDR114C,0.107
YOR332W,-0.105
YBR156C,0.103
YPR028W,-0.341
YBR229C,-0.385
YNL322C,0.004
YJR140C,0.084
YOL018C,0.215
YGR276C,0.123
YOR333C,-0.392
YPR029C,-0.034
YER020W,0.018
YDR041W,0.085
YGL171W,0.352
YLR396C,-0.040
YGL244W,0.311
YCR062W,0.122
YCL031C,0.260
YBR083W,-0.100
YBL052C,0.184
YHR182W,0.081
YNL039W,0.140
YDR042C,0.285
YOR260W,-0.092
YBR157C,-0.017
YDL010W,0.213
YGR277C,-0.145
YOR261C,0.307
YIL130W,0.152
YER021W,0.156
YGL172W,0.076
YDR115W,-0.089
YLR397C,-0.020
YDL011C,0.096
YCR063W,-0.017
YGL245W,-0.157
YBR084W,-0.159
YNL250W,0.011
YJR141W,-0.036
YNL323W,0.000
YJL110C,0.204
YOL019W,-0.021
YHR183W,-0.055
YIL131C,0.128
YDR043C,-0.280
YDR116C,-0.006
YGL173C,0.041
YCR064C,-0.076
YOR334W,-0.154
YGL246C,0.002
YCL032W,0.126
YBL053W,0.100
YOR335C,-0.153
YFR001W,0.310
YER022W,0.207
YLR398C,0.125
YLR100W,-0.122
YDL012C,-0.039
YBR085W,0.238
YCL033C,0.003
YBR158W,-0.074
YNL324W,-0.125
YJR142W,-0.026
YIL132C,-0.102
YHR184W,-0.232
YGR278W,0.011
YPL210C,0.151
YDR117C,0.006
YOR262W,0.070
YLR101C,-0.105
YBR086C,-0.154
YJR070C,-0.175
YNL252C,0.064
YNL325C,0.091
YJR143C,-0.106
YHR185C,-0.452
YBL054W,0.281
YGR279C,-0.069
YOR263C,0.353
YJL111W,0.090
YFR002W,0.225
YDR400W,-0.233
YER023W,-0.060
YDR044W,-0.758
YLR399C,0.220
YGL174W,-0.057
YGL247W,-0.122
YCR065W,0.023
YBR159W,-0.115
YBL055C,-0.266
YFR003C,0.158
YIL133C,-0.453
YOR190W,-0.034
YDR045C,0.010
YGL175C,-0.153
YOR336W,0.005
YLR102C,0.139
YNL180C,0.049
YNL326C,-0.033
YDL013W,0.214
YHR186C,0.196
YCL034W,0.064
YJL112W,0.258
YDR401W,-0.182
YIL060W,-0.171
YER024W,0.552
YDR118W,0.100
YPL211W,-0.231
YCR066W,0.141
YGL248W,-0.181
YKR050W,-0.013
YBR087W,0.010
YCL035C,0.031
YJR071W,-0.064
YNL253W,0.062
YJR144W,0.162
YIL061C,0.165
YDR402C,0.064
YDR046C,-0.155
YOR191W,0.001
YOR264W,0.493
YGL176C,-0.193
YPL212C,-0.019
YOR337W,0.203
YCR067C,-0.308
YLR103C,0.123
YBR088C,0.080
YJR072C,0.228
YNL254C,0.013
YJR145C,-0.338
YDL014W,-0.039
YOR192C,-0.098
YBL056W,-0.150
YFR004W,0.154
YIL134W,-0.759
YER025W,0.010
YDR119W,-0.105
YLR030W,-0.022
YOL160W,0.066
YGL249W,0.023
YDL015C,-0.057
YKR051W,-0.226
YNL181W,0.177
YKL020C,0.089
YNL327W,0.187
YBL057C,-0.078
YFR005C,-0.200
YIL062C,-0.024
YHR187W,0.131
YIL135C,-0.186
YPR171W,0.259
YER026C,0.008
YPL140C,0.010
YOR265W,0.017
YOR338W,0.536
YOL161C,-0.104
YKR052C,-0.013
YNL182C,0.092
YNL255C,-0.160
YJR073C,-0.166
YNL328C,-0.128
YHR188C,-0.141
YCL036W,0.102
YJL041W,0.097
YOR339C,-0.161
YDR330W,0.058
YDR403W,0.047
YMR010W,-0.085
YDR047W,0.069
YPL213W,0.136
YLR031W,0.057
YDL016C,-0.155
YCR068W,-0.075
YLR104W,-0.002
YCL037C,-0.005
YBR089W,0.110
YKL021C,0.210
YJR146W,-0.283
YIL063C,0.154
YDR404C,-0.132
YPR172W,-0.119
YER027C,-0.027
YOR193W,0.117
YPL141C,-0.068
YOR266W,0.156
YPL214C,-0.146
YLR105C,-0.037
YKR053C,-0.039
YNL183C,-0.013
YNL329C,0.146
YPR173C,0.112
YOR194C,0.301
YBL058W,0.064
YOR267C,-0.059
YJL042W,0.063
YJL115W,0.334
YDR331W,-0.113
YFR006W,-0.003
YIL136W,0.219
YMR011W,0.504
YLR032W,0.093
YGL178W,-0.224
YCR069W,-0.221
YOL162W,-0.304
YCL038C,-0.135
YKL022C,0.256
YJR074W,-0.122
YNL256W,-0.127
YJR147W,-0.140
YJL116C,0.067
YHR189W,-0.227
YIL137C,-0.016
YER028C,-0.075
YPL142C,-0.390
YGL179C,-0.469
YKR054C,-0.008
YNL184C,-0.034
YNL257C,0.011
YDL017W,0.037
YLL001W,0.195
YPR174C,-0.015
YBL059W,0.105
YOR268C,-0.178
YJL043W,-0.360
YDR332W,0.080
YDR405W,0.254
YIL064W,-0.073
YFR007W,-0.005
YMR012W,-0.030
YDR049W,0.171
YLR033W,0.202
YOL090W,0.237
YPL215W,-0.038
YOL163W,0.041
YDL018C,0.038
YJR075W,-0.066
YJR148W,0.241
YDR260C,0.202
YJL044C,0.044
YDR333C,0.108
YIL065C,0.036
YIL138C,0.112
YER029C,0.316
YMR013C,-0.271
YOR195W,0.628
YLR034C,0.086
YNL185C,-0.048
YJR076C,0.233
YNL258C,0.147
YLL002W,0.005
YKL023W,0.110
YOR196C,-0.048
YJL117W,0.072
YFR008W,0.402
YDR406W,0.075
YPL070W,-0.050
YPL143W,-0.375
YOL091W,0.140
YPL216W,0.000
YOL164W,-0.039
YLR107W,-0.010
YDL019C,0.023
YKR055W,0.076
YKL024C,-0.191
YJR149W,0.065
YDR261C,-0.346
YDR407C,-0.139
YIL066C,-0.015
YIL139C,-0.029
YPR175W,0.138
YPL071C,0.044
YOR269W,-0.311
YPL217C,0.063
YLR108C,-0.120
YOL165C,-0.248
YJR077C,0.186
YNL259C,-0.141
YLL003W,-0.085
YPR176C,-0.193
YJL045W,0.483
YDR334W,0.107
YJL118W,-0.126
YFR009W,0.011
YMR014W,0.423
YOL092W,-0.152
YKR056W,0.350
YNL186W,0.329
YKL025C,-0.076
YJL119C,-0.064
YIL067C,-0.086
YDR408C,-0.205
YMR015C,0.021
YOR197W,-0.118
YPL145C,-0.328
YLR036C,0.008
YOL166C,-0.554
YDL230W,-0.132
YLL004W,0.098
YPR177C,0.069
YOR198C,0.044
YJL046W,-0.138
YDR335W,0.028
YDL231C,-0.168
YPL072W,0.062
YOL093W,0.288
YGR200C,0.271
YPL218W,-0.077
YLR109W,-0.603
YLL005C,-0.066
YKR057W,-0.491
YNL187W,0.042
YJR078W,0.011
YKL026C,-0.048
YDR190C,0.023
YDR263C,0.140
YJL047C,0.118
YIL068C,0.219
YPL073C,-0.080
YMR016C,0.072
YPL146C,0.422
YLR037C,-0.045
YOL094C,0.123
YDR336W,-0.086
YLR320W,0.151
YDR409W,0.000
YPL219W,-0.017
YKR058W,-0.219
YNL188W,0.243
YJR079W,0.128
YMR300C,-0.514
YJL048C,-0.052
YDR264C,0.025
YLR321C,0.252
YIL069C,-0.313
YPR178W,0.195
YOR199W,-0.326
YLR038C,0.242
YOL095C,0.024
YDL232W,-0.013
YLL006W,-0.029
YPR179C,0.200
YER170W,-0.027
YKL027W,0.035
YDR191W,-0.108
YAR030C,-0.296
YDR337W,0.236
YDL160C,-0.041
YPL074W,0.233
YMR017W,-0.055
YPL147W,0.870
YGR202C,0.005
YKR059W,-0.283
YLL007C,0.139
YNL189W,0.082
YDR192C,-0.079
YMR301C,0.120
YDR338C,0.025
YPL148C,0.099
YLR039C,0.220
YOL096C,-0.077
YDL233W,0.163
YER171W,0.087
YKL028W,0.214
YJL049W,0.171
YDR265W,0.124
YLR322W,0.265
YDL234C,0.035
YMR018W,0.649
YPL075W,-0.373
YGR130C,0.277
YER172C,-0.083
YKL029C,-0.526
YMR302C,-0.282
YDR266C,0.029
YDR339C,0.155
YLR323C,0.192
YBR010W,0.182
YAR031W,-0.072
YOL097C,-0.228
YDL161W,0.128
YGR203W,-0.141
YLL008W,0.279
YBR011C,-0.200
YLR250W,0.419
YDL162C,0.065
YDL235C,-0.010
YPL076W,-0.195
YMR019W,0.049
YPL149W,0.033
YLL009C,0.089
YDR194C,0.019
YMR303C,-0.013
YDR267C,0.057
YPL077C,0.047
YOL098C,-0.174
YAL001C,0.065
YHR110W,-0.022
YGR131W,-0.392
YGR204W,-0.459
YER173W,0.095
YBR012C,0.000
YMR230W,-0.572
YDL090C,-0.093
YLR251W,-0.554
YLR324W,-0.102
YGR132C,-0.022
YER174C,-0.152
YLR325C,-0.315
YGL100W,-0.019
YPL078C,0.164
YOL099C,0.047
YAR033W,-0.007
YDL163W,-0.067
YDL236W,-0.223
YHR111W,0.191
YGR205W,0.110
YBR013C,-0.065
YDR195W,0.308
YMR231W,-0.052
YMR304W,0.154
YDL091C,0.129
YDR268W,-0.086
YDL164C,0.162
YLR252W,-0.473
YHR112C,-0.105
YJL190C,-0.444
YAL002W,-0.118
YER175C,-0.195
YDR196C,0.139
YMR305C,-0.315
YDR269C,-0.010
YGL101W,-0.103
YEL070W,-0.443
YDL237W,-0.157
YGR060W,-0.191
YGR133W,-0.177
YGR206W,-0.221
YGL102C,-0.362
YFL050C,-0.011
YBR014C,0.043
YMR232W,-0.103
YLR180W,-0.275
YLR253W,0.011
YDL238C,-0.079
YLR326W,0.012
YPL079W,-0.372
YGR061C,-0.382
YGR207C,-0.005
YAL003W,-0.157
YLR181C,0.285
YLR254C,0.000
YLR327C,0.343
YEL071W,-0.478
YAR035W,0.184
YDL092W,-0.008
YDL165W,-0.027
YHR040W,0.089
YKL170W,-0.065
YHR113W,-0.223
YJL191W,-0.454
YGR134W,0.043
YDR480W,0.079
YFL051C,0.030
YER176W,0.086
YEL017C-A,-0.316
YBR015C,0.001
YMR160W,0.005
YDR197W,-0.093
YMR233W,-0.167
YMR306W,-0.089
YDL166C,0.205
YIR020C,-0.093
YDL239C,0.194
YHR041C,-0.108
YGR062C,-0.152
YJL192C,-0.257
YDR481C,-0.350
YDR198C,0.029
YGL030W,-0.268
YLR255C,-0.193
YGL103W,-0.346
YEL072W,-0.162
YDL093W,-0.074
YHR114W,0.132
YKL171W,0.069
YHL010C,0.040
YGR135W,-0.020
YGL031C,-0.206
YGR208W,-0.386
YGL104C,-0.345
YER177W,-0.169
YEL073C,-0.057
YMR161W,-0.015
YMR234W,-0.129
YLR182W,0.232
YML130C,-0.342
YDL094C,-0.056
YDL167C,0.245
YLR328W,0.087
YHR115C,0.056
YGR063C,-0.156
YDR482C,0.128
YGR209C,-0.225
YMR162C,0.175
YMR235C,-0.018
YLR183C,0.242
YMR308C,-0.140
YFL052W,0.035
YBR016W,0.131
YIR021W,-0.117
YHR042W,-0.101
YKL172W,0.436
YHL011C,-0.004
YBR300C,-0.453
YGR136W,-0.167
YJL193W,-0.186
YOR120W,0.194
YGL032C,-0.467
YER178W,0.042
YNL110C,0.602
YBR017C,-0.091
YLR256W,0.011
YLR329W,-0.143
YHR043C,-0.173
YOR121C,0.105
YMR163C,-0.129
YMR309C,0.009
YGL105W,-0.087
YFL053W,-0.029
YEL074W,-0.006
YJR001W,-0.028
YML131W,0.176
YDL095W,-0.073
YDL168W,-0.021
YIR022W,0.027
YAL007C,-0.167
YKL173W,0.041
YHR116W,-0.115
YPR100W,0.107
YGR064W,-0.145
YGR137W,-0.168
YJL194W,0.018
YDR483W,-0.132
YFL054C,0.165
YMR090W,-0.403
YER179W,-0.219
YBR018C,0.153
YNL111C,-0.009
YEL075C,0.028
YMR236W,-0.023
YLR184W,0.000
YDL096C,0.004
YDL169C,0.293
YLR257W,-0.219
YHR044C,-0.168
YKL174C,0.000
YGR065C,-0.104
YGR138C,-0.332
YJL195C,-0.002
YOR122C,-0.183
YMR091C,0.102
YHL012W,-0.163
YBR301W,-0.183
YGL033W,-0.448
YGL106W,-0.262
YJR002W,0.170
YML132W,-0.178
YIR023W,0.059
YHR117W,0.091
YHL013C,0.370
YPR101W,0.139
YDR484W,-0.156
YGL034C,-0.217
YNR070W,0.265
YGL107C,0.137
YEL076C,-0.038
YBR019C,0.061
YJR003C,-0.060
YMR237W,-0.068
YDL097C,0.090
YLR185W,-0.272
YML133C,-0.060
YIR024C,0.176
YLR258W,-0.405
YHR118C,0.100
YGR066C,-0.356
YPR102C,-0.177
YJL196C,-0.438
YOR050C,-0.049
YOR123C,0.373
YDR485C,0.343
YNR071C,-0.158
YML095C-A,-0.016
YAL008W,-0.168
YMR092C,-0.105
YMR165C,-0.162
YLR259C,-0.064
YFL055W,0.278
YNL112W,0.067
YML060W,0.199
YHR045W,-0.142
YKL175W,-0.057
YBR230C,0.222
YHL014C,-0.107
YGL035C,0.345
YGL108C,0.110
YFL056C,-0.131
YML061C,0.200
YMR238W,-0.224
YJR004C,0.060
YDL098C,0.204
YLR186W,-0.149
YHR046C,-0.310
YKL176C,-0.064
YGR067C,0.479
YOR051C,-0.029
YDR486C,0.104
YOR124C,-0.025
YAL009W,0.080
YMR166C,0.119
YMR239C,0.038
YNL040W,0.058
YNL113W,0.304
YIR025W,-0.153
YPR030W,0.046
YHR119W,-0.034
YBR231C,0.213
YPR103W,-0.107
YJL197W,-0.135
YNR072W,0.214
YFL057C,-0.163
YNL041C,0.138
YMR093W,0.091
YNL114C,0.240
YML062C,0.232
YLR187W,0.189
YIR026C,0.000
YHR047C,-0.110
YPR104C,0.161
YGR068C,-0.261
YOR052C,0.042
YOR125C,-0.384
YDR487C,-0.189
YNR073C,-0.240
YHL015W,-0.222
YGL036W,-0.222
YOL020W,0.201
YGL109W,0.024
YJR005W,-0.074
YDL099W,0.377
YPR031W,0.377
YKL177W,0.054
YHL016C,0.000
YBR232C,0.089
YJL198W,0.230
YGL037C,-0.432
YOL021C,0.083
YMR094W,0.063
YNL115C,-0.036
YMR167W,0.022
YLR188W,0.031
YIR027C,-0.167
YKL178C,0.041
YPR105C,0.159
YJL199C,-0.162
YDR488C,0.148
YOR126C,-0.038
YNR074C,-0.092
YMR095C,-0.123
YMR168C,0.093
YLR189C,0.000
YFL058W,-0.045
YNL042W,-0.326
YJR006W,0.126
YML063W,-0.388
YHR048W,-0.081
YPR032W,0.044
YGR069W,-0.419
YOR053W,0.136
YGL038C,-0.246
YOL022C,-0.197
YNL043C,-0.123
YGR280C,0.369
YER056C-A,-0.235
YML064C,-0.218
YKL179C,0.124
YPR033C,-0.163
YOR054C,0.082
YMR169C,-0.322
YBR160W,-0.016
YBR233W,0.163
YHL017W,-0.187
YPL001W,0.013
YFL059W,0.168
YNL116W,0.165
YJR007W,-0.009
YIR028W,-0.545
YHR049W,-0.523
YBR234C,-0.023
YPR106W,0.069
YPL002C,-0.121
YOR127W,-0.163
YDR489W,0.017
YNR075W,-0.349
YMR096W,-0.107
YPR107C,0.048
YOR128C,-0.400
YMR097C,0.054
YBR161W,-0.182
YHL018W,-0.302
YBR162W-A,-0.334
YGL039W,-0.291
YOL023W,0.117
YNL044W,-0.179
YNL117W,0.973
YGR281W,-0.107
YJR008W,-0.085
YML065W,0.070
YDR120C,0.132
YIR029W,0.088
YPR034W,0.248
YBR162C,0.030
YHL019C,0.087
YOR055W,-0.168
YNR076W,-0.150
YNL118C,0.093
YGR282C,-0.086
YML066C,-0.141
YJR009C,-0.578
YOR056C,0.201
YOR129C,0.150
YNR077C,-0.033
YGL250W,-0.071
YMR098C,0.160
YBR235W,0.012
YPL003W,-0.085
YOL024W,-0.314
YNL045W,-0.109
YGL251C,0.051
YBR090C,-0.036
YPR035W,-0.197
YBR236C,0.196
YPR108W,0.101
YPL004C,-0.004
YGR283C,-0.184
YML067C,-0.158
YOR340C,0.127
YER100W,0.028
YDR121W,0.240
YMR099C,-0.081
YBR163W,-0.031
YOL025W,0.009
YNL046W,-0.139
YNL119W,0.218
YER101C,0.021
YGL252C,0.122
YBR091C,0.226
YPR036W,-0.001
YBR164C,0.073
YPR109W,-0.273
YNL330C,0.059
YOR057W,0.132
YOL026C,-0.183
YNL047C,0.140
YGR284C,-0.114
YFL010W-A,0.047
YPR037C,-0.005
YOR058C,-0.044
YDR122W,-0.007
YBR237W,-0.161
YPL005W,0.139
YHR190W,-0.152
YML068W,-0.144
YDR050C,-0.584
YDR123C,0.275
YOR341W,-0.038
YCR071C,0.083
YBR092C,-0.807
YNL331C,-0.001
YBR238C,-0.204
YOL027C,0.250
YHR191C,-0.144
YGR285C,-0.118
YBL060W,0.006
YOR342C,0.333
YER102W,-0.249
YOR059C,-0.093
YGL180W,0.090
YGL253W,-0.543
YBR165W,-0.029
YBL061C,-0.096
YNL048W,-0.021
YML069W,0.198
YDR051C,0.103
YCR072C,0.171
YBR093C,-0.704
YBR166C,-0.205
YJR150C,-0.336
YBR239C,-0.013
YPL007C,0.086
YOL028C,0.007
YCL040W,-0.146
YNL049C,-0.177
YGR286C,-0.120
YOR270C,-0.167
YOR343C,0.147
YER030W,0.432
YER103W,-0.405
YGL181W,0.100
YDR124W,-0.033
YDL020C,0.375
YGL254W,0.032
YCL041C,-0.122
YNL332W,-0.064
YHR192W,0.149
YER031C,-0.033
YDR052C,0.278
YDR125C,-0.081
YGL182C,0.000
YCR073C,0.075
YNL260C,-0.030
YBR167C,-0.011
YJR151C,0.067
YOL029C,-0.131
YHR193C,0.003
YBL062W,-0.089
YGR287C,-0.097
YOR271C,0.223
YOR344C,0.028
YFR010W,0.234
YIL140W,0.039
YER104W,0.116
YGL255W,-0.134
YBR094W,-0.004
YNL333W,0.215
YPL008W,0.070
YFR011C,-0.237
YER105C,0.021
YGL183C,-0.907
YLR110C,-0.018
YBR095C,0.207
YNL334C,0.120
YPL009C,0.323
YDL021W,-0.325
YCL042W,-0.226
YBL063W,0.037
YOR345C,0.210
YJL120W,-0.265
YIL141W,-0.377
YER032W,0.228
YEL001C,-0.167
YDR053W,0.149
YGL256W,-0.165
YCL043C,-0.306
YNL261W,-0.211
YBR168W,0.050
YBL064C,0.014
YKL100C,-0.094
YJR152W,0.128
YJL121C,-0.159
YDR410C,-0.215
YHR194W,-0.122
YER033C,-0.122
YDR054C,0.238
YGR288W,-0.149
YOR272W,0.142
YGL184C,-0.267
YCR075C,-0.089
YGL257C,-0.004
YJR080C,0.134
YBR169C,-0.561
YDL022W,-0.625
YGR289C,0.062
YOR273C,0.150
YFR012W,0.078
YIL142W,0.033
YER106W,-0.191
YEL002C,-0.154
YDR127W,0.224
YPL220W,-0.391
YLR111W,-0.221
YDL023C,-0.712
YBR096W,-0.077
YCL044C,0.068
YNL262W,0.093
YJR153W,-0.069
YNL335W,-0.044
YDR411C,-0.190
YIL070C,0.033
YHR195W,-0.054
YIL143C,0.124
YER107C,0.035
YGL185C,0.112
YOR346W,0.102
YCR076C,-0.127
YNL263C,-0.005
YBL065W,0.279
YKL101W,-0.010
YJL122W,0.171
YOR347C,-0.232
YFR013W,0.054
YER034W,-0.003
YDR055W,-0.916
YDR128W,0.213
YPL221W,-0.173
YGL258W,0.148
YLR112W,-0.082
YDL024C,-0.316
YKR060W,0.060
YBR097W,0.143
YCL045C,-0.102
YNL190W,-0.215
YNL336W,-0.141
YJR154W,-0.498
YKL102C,-0.262
YBL066C,-0.337
YJL123C,0.325
YFR014C,0.229
YIL071C,-0.170
YHR196W,0.297
YPR180W,0.170
YER108C,0.134
YDR056C,-0.056
YOR274W,0.103
YLR040C,-0.288
YGL186C,-0.328
YDR129C,0.006
YCR077C,-0.034
YNL264C,-0.295
YJR082C,-0.026
YEL003W,0.025
YPR181C,-0.035
YJL050W,0.095
YOR275C,0.018
YOR348C,1.022
YDR412W,0.067
YIL144W,0.351
YER035W,0.030
YPL222W,0.344
YGL259W,-0.166
YLR113W,-0.230
YDL025C,-0.038
YKR061W,-0.394
YNL191W,0.248
YBR098W,0.097
YBL067C,0.274
YJR155W,-0.095
YKL103C,-0.397
YNL337W,0.129
YJL124C,0.034
YDR413C,0.319
YFR015C,-0.191
YHR197W,0.155
YIL145C,-0.163
YER036C,-0.084
YPL223C,0.115
YGL187C,0.007
YLR114C,0.167
YBR099C,-0.090
YNL265C,0.200
YJR083C,0.155
YJR156C,0.032
YEL004W,-0.092
YHR198C,-0.053
YCL046W,-0.116
YKL030W,-0.241
YJL051W,-0.102
YDR340W,-0.248
YIL072W,-0.072
YMR020W,-0.280
YPL150W,0.202
YEL005C,-0.119
YDR057W,0.015
YLR041W,-0.238
YKR062W,0.188
YLL010C,0.106
YCL047C,-0.161
YNL192W,-0.567
YKL104C,-0.362
YJL125C,0.273
YDR341C,-0.318
YIL073C,-0.248
YFR016C,0.187
YDR414C,-0.241
YIL146C,0.256
YPR182W,0.184
YMR021C,0.022
YPL151C,0.094
YDR058C,0.018
YOR276W,-0.130
YPL224C,-0.160
YLR042C,-0.009
YGL188C,-0.031
YOR349W,0.403
YKR063C,0.206
YNL339C,0.018
YDL026W,-0.273
YHR199C,-0.170
YKL031W,-0.273
YBL068W,-0.036
YJL052W,-0.714
YOR277C,-0.034
YER037W,-0.006
YLR115W,0.149
YDL027C,-0.106
YCR079W,-0.126
YAL058C-A,-0.020
YNL193W,-0.036
YNL266W,0.004
YJR084W,0.043
YKL032C,0.069
YKL105C,0.127
YJR157W,-0.273
YDR342C,0.336
YDR415C,-0.094
YIL074C,-0.444
YFR017C,-0.084
YNR001C,0.229
YIL147C,-0.015
YPR183W,-0.159
YER038C,-0.006
YDR059C,0.097
YGL189C,-0.243
YLR043C,-0.193
YNL194C,0.175
YJR085C,0.048
YLL011W,0.401
YCL048W,-0.149
YBL069W,-0.272
YJL053W,-0.168
YJL126W,-0.018
YMR022W,-0.112
YPL152W,0.203
YPL225W,-0.022
YDL028C,0.230
YLR116W,0.015
YKR064W,0.009
YCL049C,-0.226
YNL267W,0.032
YJR158W,0.043
YDR343C,0.336
YJL127C,0.196
YFR018C,-0.040
YIL075C,0.022
YNR002C,0.875
YPR184W,0.154
YER039C,-0.264
YPL080C,-0.094
YMR023C,-0.042
YPL153C,-0.110
YOR278W,-0.065
YLR044C,-0.620
YLR117C,0.326
YKR065C,-0.043
YNL195C,-0.111
YEL007W,0.107
YLL012W,-0.031
YKL033W,-0.165
YKL106W,0.124
YDR270W,0.385
YOR279C,0.000
YJL054W,0.006
YDR416W,0.032
YLR400W,0.066
YIL148W,-0.304
YPL226W,-0.169
YLL013C,0.074
YNL268W,0.241
YJR086W,0.051
YJR159W,-0.176
YDR271C,0.239
YDR344C,-0.433
YJL128C,0.009
YDR417C,-0.348
YLR401C,0.165
YIL149C,-0.068
YNR003C,0.067
YPR185W,0.043
YPL154C,-0.015
YLR045C,0.278
YPL227C,-0.080
YLR118C,-0.220
YKR066C,0.108
YNL196C,-0.100
YEL008W,-0.194
YDL029W,0.051
YPR186C,0.138
YKL034W,-0.131
YKL107W,-0.268
YJL055W,-0.049
YIL076W,-0.021
YPL081W,-0.311
YMR024W,-0.054
YEL009C,0.035
YJR087W,0.107
YNL269W,-0.021
YJL056C,-0.077
YDR345C,0.318
YJL129C,-0.091
YIL077C,0.129
YPL082C,0.275
YPL155C,-0.003
YLR046C,0.077
YDL240W,0.098
YNL197C,0.083
YJR088C,0.167
YLL014W,-0.311
YKL035W,-0.687
YKL108W,0.052
YDR272W,0.117
YDR418W,-0.295
YLR402W,-0.023
YNR004W,-0.124
YMR025W,0.125
YPL228W,0.228
YGR210C,-0.067
YLR119W,0.030
YKR067W,0.234
YKL036C,-0.608
YJL057C,-0.204
YDR346C,-0.064
YNR005C,0.040
YPR187W,0.012
YMR026C,0.236
YPL083C,0.116
YPL156C,0.545
YLR047C,-0.188
YDL241W,-0.582
YKR068C,-0.013
YNL198C,0.035
YLL015W,-0.013
YPR188C,-0.025
YKL109W,0.084
YDR273W,0.377
YLR330W,0.146
YIL078W,-0.087
YDR419W,-0.089
YLR403W,0.090
YPL229W,0.057
YER180C,-0.241
YJR089W,0.048
YDR274C,-0.219
YJL058C,0.033
YMR310C,0.082
YLR331C,-0.150
YIL079C,-0.067
YDL242W,-0.278
YNL199C,0.121
YGR211W,0.161
YLL016W,0.057
YKL037W,-0.099
YDR347W,0.008
YDL243C,-0.065
YLR404W,0.232
YNR006W,0.077
YPL084W,-0.009
YMR027W,0.051
YPL157W,0.157
YLR048W,-0.344
YKR069W,0.035
YER181C,-0.065
YMR311C,0.214
YDR348C,0.110
YNR007C,0.078
YPR189W,0.000
YPL158C,0.320
YLR049C,0.030
YDL170W,0.022
YFL018W-A,0.028
YGR212W,0.030
YKL038W,-0.007
YDR275W,0.239
YJL059W,-0.161
YDL171C,-0.150
YLR332W,-0.086
YLR405W,0.092
YPL085W,0.010
YGR213C,-0.111
YLL018C,-0.086
YDR276C,-0.209
YDR349C,-0.185
YLR333C,-0.378
YOR304C-A,-0.000
YMR029C,0.145
YBR020W,-2.426
YPL086C,-0.036
YPL159C,0.140
YDL244W,-0.059
YAL010C,0.046
YER182W,0.099
YKL039W,-0.279
YMR312W,-0.051
YDL172C,0.172
YLR260W,0.013
YDL245C,0.112
YNR008W,0.002
YLL019C,0.258
YER183C,-0.141
YMR240C,-0.012
YDR277C,0.243
YMR313C,-0.084
YHR139C-A,0.142
YLR334C,-0.225
YBR021W,-0.387
YAR042W,-0.282
YHR120W,0.040
YGR141W,0.070
YGR214W,-0.403
YGL110C,0.231
YDL246C,-0.223
YLR407W,0.317
YNR009W,-0.000
YPL087W,-0.331
YAL011W,0.097
YER184C,-0.128
YDR278C,-0.432
YLR262C,-0.078
YLR408C,0.000
YCR001W,-0.445
YBR022W,-0.106
YDL173W,0.255
YHR121W,-0.072
YGR142W,0.215
YGR215W,-0.204
YCR002C,-0.159
YBR023C,-0.276
YMR241W,-0.062
YMR314W,-0.002
YDL174C,0.564
YLR335W,0.217
YPL088W,-0.319
YGR216C,-0.175
YAL012W,-0.205
YMR242C,-0.334
YGL111W,0.206
YLR336C,-0.164
YLR409C,0.189
YPL089C,-0.060
YAR044W,0.077
YDL247W,-0.066
YHR122W,0.026
YGR070W,-0.225
YGR143W,-0.284
YOR200W,-0.149
YGL112C,0.006
YFL060C,0.033
YER185W,-0.140
YDR279W,0.199
YMR315W,-0.112
YLR190W,0.083
YDL175C,0.149
YLR263W,-0.377
YGR071C,0.013
YDR490C,0.170
YOR201C,-0.145
YAL013W,0.182
YER186C,-0.048
YMR170C,-0.000
YMR243C,-0.124
YCR003W,0.149
YBR024W,-0.054
YDL248W,-0.148
YAL014C,-0.090
YHR050W,0.162
YKL180W,0.104
YHR123W,-0.288
YGR144W,-0.069
YGL040C,0.065
YGR217W,-0.012
YCR004C,0.195
YBR025C,-0.101
YLR191W,0.178
YMR316W,-0.388
YLR264W,-0.259
YIR030C,0.089
YDR491C,0.014
YLR192C,-0.331
YLR265C,0.001
YGL113W,0.102
YFL061W,0.090
YDL176W,0.142
YAL015C,-0.350
